Concept,x,y,dragStart,dragStop,oldX,oldY
Photosynthese,561.0,135.0,1558,1730,56.0,52.0
Infrastruktur,342.0,303.0,2231,2630,52.0,49.0
Fahrrad,321.0,49.0,2995,3924,48.0,46.0
Photosynthese,851.0,145.0,4257,4434,561.0,135.0
Fahrrad,462.0,304.0,4826,5745,321.0,49.0
Baum,878.0,247.0,6265,8003,44.0,43.0
Laub,975.0,189.0,8515,10229,40.0,40.0
Baum,877.0,261.0,10676,11275,878.0,247.0
Laub,956.0,169.0,11463,12083,975.0,189.0
Physik,579.0,196.0,2288,2505,56.0,52.0
Baum,122.0,394.0,2808,3020,52.0,49.0
Schule,250.0,200.0,3351,3634,48.0,46.0
Photosynthese,719.0,242.0,3936,5672,44.0,43.0
Physik,709.0,155.0,5920,6704,579.0,196.0
Schule,576.0,78.0,7066,8153,250.0,200.0
Physik,703.0,134.0,8624,8836,709.0,155.0
Photosynthese,836.0,191.0,9117,9887,719.0,242.0
Baum,874.0,290.0,11141,12157,122.0,394.0
Fahrrad,420.0,298.0,12887,17085,40.0,40.0
Schule,620.0,152.0,1281,1483,56.0,52.0
Erde,169.0,338.0,1911,2116,52.0,49.0
Infrastruktur,499.0,394.0,2455,2718,48.0,46.0
Ast,299.0,91.0,3155,3560,44.0,43.0
Schule,752.0,158.0,3891,4361,620.0,152.0
Infrastruktur,723.0,316.0,4681,5552,499.0,394.0
Ast,339.0,84.0,6762,7801,299.0,91.0
Lehrer,644.0,161.0,8429,10283,40.0,40.0
Infrastruktur,663.0,384.0,10641,10809,723.0,316.0
Erde,301.0,385.0,11579,13498,169.0,338.0
Ast,208.0,81.0,13900,14835,339.0,84.0
Infrastruktur,760.0,339.0,16799,17693,663.0,384.0
Laub,820.0,207.0,1415,2059,56.0,52.0
Lehrer,111.0,420.0,2545,2848,52.0,49.0
Baum,823.0,294.0,3297,4730,48.0,46.0
Ast,712.0,249.0,5156,7359,44.0,43.0
Schule,218.0,422.0,7871,9369,40.0,40.0
Lehrer,827.0,164.0,1532,2033,56.0,52.0
Photosynthese,622.0,279.0,2463,3160,52.0,49.0
Laub,514.0,280.0,3621,5339,48.0,46.0
Schule,831.0,77.0,5788,7666,44.0,43.0
Infrastruktur,1026.0,45.0,8317,9823,40.0,40.0
Photosynthese,638.0,335.0,10312,12086,622.0,279.0
Laub,521.0,333.0,12286,13012,514.0,280.0
Lehrer,860.0,190.0,13458,13986,827.0,164.0
Schule,755.0,189.0,14432,16164,831.0,77.0
Lehrer,891.0,197.0,16375,16526,860.0,190.0
Lehrer,868.0,185.0,17125,17857,891.0,197.0
Infrastruktur,1083.0,40.0,18639,18921,1026.0,45.0
Laub,696.0,132.0,1351,1637,56.0,52.0
Fahrrad,131.0,345.0,2057,2396,52.0,49.0
Infrastruktur,450.0,356.0,2761,3005,48.0,46.0
Erde,462.0,119.0,3354,4991,44.0,43.0
Infrastruktur,488.0,423.0,6749,6919,450.0,356.0
Fahrrad,345.0,421.0,7371,9052,131.0,345.0
Lehrer,392.0,622.0,9558,14643,40.0,40.0
Lehrer,861.0,200.0,1499,1731,56.0,52.0
Fahrrad,754.0,393.0,2227,3033,52.0,49.0
Photosynthese,699.0,136.0,3494,4556,48.0,46.0
Photosynthese,673.0,146.0,5256,5505,699.0,136.0
Fahrrad,809.0,357.0,5769,5990,754.0,393.0
Laub,552.0,144.0,7310,9318,44.0,43.0
Physik,785.0,77.0,9717,13507,40.0,40.0
Lehrer,1002.0,214.0,13842,14045,861.0,200.0
Fahrrad,834.0,444.0,14475,16674,809.0,357.0
Lehrer,1076.0,171.0,17212,17380,1002.0,214.0
Physik,864.0,45.0,17787,18427,785.0,77.0
Fahrrad,882.0,355.0,18840,19222,834.0,444.0
Physik,887.0,29.0,19625,20757,864.0,45.0
Fahrrad,956.0,345.0,21108,22453,882.0,355.0
Lehrer,1078.0,214.0,22694,23334,1076.0,171.0
Fahrrad,1167.0,59.0,23889,25180,956.0,345.0
Physik,902.0,32.0,27271,27991,887.0,29.0
Physik,632.0,178.0,1354,1547,56.0,52.0
Ast,240.0,405.0,2000,2240,52.0,49.0
Laub,740.0,418.0,3590,4258,48.0,46.0
Baum,625.0,419.0,4673,6585,44.0,43.0
Ast,507.0,418.0,7028,8840,240.0,405.0
Erde,626.0,580.0,9345,10974,40.0,40.0
Erde,875.0,176.0,1659,1872,56.0,52.0
Ast,673.0,523.0,2324,2891,52.0,49.0
Photosynthese,366.0,384.0,3426,4110,48.0,46.0
Schule,439.0,173.0,4523,5255,44.0,43.0
Photosynthese,444.0,314.0,5608,6172,366.0,384.0
Fahrrad,1012.0,224.0,6703,8448,40.0,40.0
Photosynthese,444.0,297.0,8928,9762,444.0,314.0
Ast,577.0,552.0,10211,10609,673.0,523.0
Photosynthese,454.0,310.0,10912,11948,444.0,297.0
Ast,516.0,482.0,12260,13285,577.0,552.0
Fahrrad,627.0,25.0,13725,16434,1012.0,224.0
Schule,437.0,196.0,16866,17081,439.0,173.0
Ast,495.0,459.0,17507,17758,516.0,482.0
Erde,926.0,243.0,18190,18516,875.0,176.0
Fahrrad,730.0,25.0,19018,19863,627.0,25.0
Baum,922.0,259.0,1680,1876,56.0,52.0
Physik,229.0,362.0,2365,2545,52.0,49.0
Infrastruktur,586.0,418.0,2942,3249,48.0,46.0
Laub,578.0,111.0,3682,4723,44.0,43.0
Laub,920.0,173.0,5709,6688,578.0,111.0
Fahrrad,288.0,178.0,7717,8730,40.0,40.0
Physik,510.0,140.0,9446,11016,229.0,362.0
Physik,589.0,159.0,11846,12416,510.0,140.0
Infrastruktur,298.0,366.0,12700,14326,586.0,418.0
Infrastruktur,299.0,355.0,15128,15316,298.0,366.0
Infrastruktur,293.0,343.0,15989,16681,299.0,355.0
Erde,1043.0,153.0,1693,1942,56.0,52.0
Baum,536.0,493.0,2435,3143,52.0,49.0
Lehrer,547.0,207.0,3577,3797,48.0,46.0
Physik,709.0,216.0,4207,7850,44.0,43.0
Fahrrad,670.0,74.0,8818,10540,40.0,40.0
Lehrer,500.0,210.0,10765,10972,547.0,207.0
Fahrrad,626.0,70.0,11263,11591,670.0,74.0
Physik,744.0,192.0,11768,12169,709.0,216.0
Erde,791.0,606.0,12792,15147,1043.0,153.0
Baum,484.0,500.0,15529,16278,536.0,493.0
Physik,690.0,233.0,16591,17218,744.0,192.0
Erde,757.0,629.0,17961,18240,791.0,606.0
Schule,558.0,140.0,4434,5177,56.0,52.0
Ast,416.0,407.0,5848,6280,52.0,49.0
Physik,977.0,396.0,6927,7627,48.0,46.0
Fahrrad,213.0,67.0,14004,17354,40.0,40.0
Ast,272.0,586.0,20516,21592,416.0,407.0
Schule,528.0,158.0,23826,26971,558.0,140.0
Photosynthese,841.0,99.0,0,0,841.0,99.0
Fahrrad,902.0,480.0,3016,3858,56.0,52.0
Lehrer,617.0,636.0,4758,5451,52.0,49.0
Photosynthese,814.0,236.0,6639,7535,48.0,46.0
Baum,333.0,402.0,8505,9223,44.0,43.0
Erde,389.0,243.0,9810,12279,40.0,40.0
Fahrrad,280.0,654.0,13939,14814,902.0,480.0
Lehrer,838.0,387.0,15222,16164,617.0,636.0
Fahrrad,595.0,607.0,17120,21036,280.0,654.0
Erde,510.0,228.0,23221,24019,389.0,243.0
Baum,385.0,326.0,24525,25310,333.0,402.0
Erde,570.0,178.0,25762,26816,510.0,228.0
Baum,451.0,282.0,27432,27783,385.0,326.0
Lehrer,857.0,496.0,28596,30595,838.0,387.0
Erde,475.0,125.0,32613,33891,570.0,178.0
Baum,628.0,209.0,34281,35129,451.0,282.0
Erde,468.0,291.0,35685,36738,475.0,125.0
Fahrrad,597.0,593.0,38792,40712,595.0,607.0
Infrastruktur,790.0,142.0,2022,2427,56.0,52.0
Erde,611.0,237.0,3027,4151,52.0,49.0
Schule,778.0,472.0,4633,5258,48.0,46.0
Laub,310.0,585.0,5871,6362,44.0,43.0
Lehrer,924.0,475.0,6875,9526,40.0,40.0
Laub,480.0,304.0,10786,12461,310.0,585.0
Infrastruktur,887.0,290.0,14314,17751,790.0,142.0
Infrastruktur,841.0,302.0,20926,22600,887.0,290.0
Infrastruktur,833.0,262.0,23162,25095,841.0,302.0
Lehrer,812.0,647.0,25617,25856,924.0,475.0
Schule,900.0,489.0,26267,26677,778.0,472.0
Lehrer,733.0,492.0,27146,28031,812.0,647.0
Infrastruktur,845.0,263.0,28652,30832,833.0,262.0
Baum,809.0,257.0,1584,1867,56.0,52.0
Erde,810.0,503.0,2394,2930,52.0,49.0
Laub,1181.0,316.0,3516,4244,48.0,46.0
Ast,623.0,468.0,5318,5744,44.0,43.0
Fahrrad,572.0,240.0,6254,7486,40.0,40.0
Laub,947.0,257.0,8865,10480,1181.0,316.0
Erde,871.0,382.0,11059,11965,810.0,503.0
Ast,732.0,379.0,12577,13372,623.0,468.0
Erde,945.0,355.0,13692,15150,871.0,382.0
Ast,810.0,339.0,15646,20775,732.0,379.0
Erde,909.0,338.0,21264,23756,945.0,355.0
Laub,909.0,258.0,24177,25634,947.0,257.0
Fahrrad,1075.0,436.0,27439,35591,572.0,240.0
Fahrrad,1249.0,594.0,38428,38809,1075.0,436.0
Fahrrad,1054.0,440.0,39936,42555,1249.0,594.0
Laub,841.0,190.0,1575,1906,56.0,52.0
Baum,835.0,267.0,2372,3447,52.0,49.0
Baum,837.0,285.0,4183,4505,835.0,267.0
Infrastruktur,574.0,399.0,5126,5577,48.0,46.0
Lehrer,584.0,235.0,10764,11648,44.0,43.0
Physik,637.0,185.0,12089,14056,40.0,40.0
Lehrer,570.0,244.0,15220,16840,584.0,235.0
Infrastruktur,690.0,422.0,17372,18037,574.0,399.0
Infrastruktur,590.0,439.0,19875,20927,690.0,422.0
Laub,842.0,203.0,21824,22437,841.0,190.0
Laub,843.0,225.0,23541,23879,842.0,203.0
Baum,849.0,301.0,24749,28117,837.0,285.0
Baum,846.0,295.0,28516,28996,849.0,301.0
Ast,1099.0,311.0,1808,2156,56.0,52.0
Photosynthese,978.0,236.0,2818,3915,52.0,49.0
Physik,632.0,336.0,5087,6546,48.0,46.0
Erde,1214.0,364.0,7253,8659,44.0,43.0
Infrastruktur,716.0,455.0,10345,13050,40.0,40.0
Photosynthese,797.0,235.0,14193,15189,978.0,236.0
Erde,953.0,293.0,15721,16240,1214.0,364.0
Ast,886.0,392.0,16538,17404,1099.0,311.0
Erde,950.0,260.0,17949,18271,953.0,293.0
Photosynthese,818.0,264.0,18694,18888,797.0,235.0
Photosynthese,775.0,249.0,19907,21565,818.0,264.0
Infrastruktur,641.0,617.0,22112,22406,716.0,455.0
Infrastruktur,855.0,223.0,2049,2398,56.0,52.0
Erde,559.0,586.0,3160,3889,52.0,49.0
Laub,888.0,441.0,4692,5502,48.0,46.0
Schule,704.0,231.0,6818,7941,44.0,43.0
Photosynthese,417.0,451.0,8645,10769,40.0,40.0
Photosynthese,550.0,317.0,12701,13308,417.0,451.0
Photosynthese,527.0,339.0,13423,13937,550.0,317.0
Erde,605.0,468.0,14403,16992,559.0,586.0
Laub,450.0,424.0,18803,22208,888.0,441.0
Infrastruktur,834.0,299.0,28396,30269,855.0,223.0
Infrastruktur,860.0,348.0,33089,38069,834.0,299.0
Infrastruktur,871.0,353.0,39772,40164,860.0,348.0
Erde,819.0,296.0,3779,4102,56.0,52.0
Physik,617.0,482.0,4744,5190,52.0,49.0
Fahrrad,427.0,139.0,5982,7283,48.0,46.0
Baum,220.0,310.0,8095,8589,44.0,43.0
Lehrer,445.0,491.0,12307,24832,40.0,40.0
Erde,114.0,165.0,27067,27757,819.0,296.0
Fahrrad,549.0,311.0,28371,29040,427.0,139.0
Physik,478.0,616.0,29440,29658,617.0,482.0
Lehrer,687.0,512.0,30025,30351,445.0,491.0
Physik,507.0,529.0,30709,31300,478.0,616.0
Fahrrad,623.0,325.0,32003,32674,549.0,311.0
Erde,422.0,205.0,33871,34991,114.0,165.0
Schule,779.0,244.0,2004,2268,56.0,52.0
Erde,537.0,345.0,2760,3117,52.0,49.0
Lehrer,579.0,698.0,3742,4167,48.0,46.0
Laub,1399.0,389.0,4678,5557,44.0,43.0
Fahrrad,779.0,632.0,6722,8866,40.0,40.0
Schule,492.0,667.0,9303,10534,779.0,244.0
Laub,644.0,293.0,11652,13167,1399.0,389.0
Erde,716.0,371.0,13667,13919,537.0,345.0
Laub,545.0,304.0,14202,14480,644.0,293.0
Erde,647.0,323.0,14971,15315,716.0,371.0
Laub,568.0,266.0,15668,15979,545.0,304.0
Laub,589.0,241.0,16628,17040,568.0,266.0
Physik,903.0,151.0,2808,3404,56.0,52.0
Schule,1113.0,245.0,3911,4827,52.0,49.0
Fahrrad,468.0,452.0,5474,5770,48.0,46.0
Schule,950.0,233.0,7107,7593,1113.0,245.0
Ast,346.0,208.0,8447,9340,44.0,43.0
Laub,430.0,195.0,9931,10769,40.0,40.0
Fahrrad,767.0,362.0,11708,12571,468.0,452.0
Fahrrad,713.0,374.0,15576,15841,767.0,362.0
Baum,801.0,209.0,1610,1882,56.0,52.0
Laub,774.0,263.0,2320,3066,52.0,49.0
Laub,753.0,280.0,4151,4544,774.0,263.0
Physik,1035.0,392.0,5132,5848,48.0,46.0
Photosynthese,897.0,199.0,6502,7915,44.0,43.0
Photosynthese,837.0,274.0,8526,9895,897.0,199.0
Infrastruktur,842.0,506.0,11005,13722,40.0,40.0
Lehrer,56.0,52.0,5820,6026,56.0,52.0
Lehrer,632.0,280.0,13011,14723,56.0,52.0
Laub,358.0,35.0,21652,24062,52.0,49.0
Fahrrad,298.0,305.0,25099,26357,48.0,46.0
Ast,442.0,39.0,28306,30975,44.0,43.0
Physik,643.0,212.0,32440,34370,40.0,40.0
Ast,546.0,73.0,3314,4338,56.0,52.0
Laub,464.0,58.0,5715,6947,52.0,49.0
Photosynthese,384.0,42.0,8123,9552,48.0,46.0
Lehrer,392.0,325.0,10713,11682,44.0,43.0
Infrastruktur,149.0,244.0,13383,14442,40.0,40.0
Baum,636.0,55.0,2413,3233,56.0,52.0
Erde,482.0,308.0,4357,5128,52.0,49.0
Photosynthese,550.0,51.0,6377,7658,48.0,46.0
Physik,423.0,269.0,8905,9942,44.0,43.0
Fahrrad,193.0,113.0,11249,15817,40.0,40.0
Physik,596.0,51.0,2402,3184,56.0,52.0
Photosynthese,381.0,336.0,4126,4895,52.0,49.0
Erde,113.0,244.0,6041,6789,48.0,46.0
Fahrrad,499.0,63.0,7761,10400,44.0,43.0
Infrastruktur,425.0,34.0,11881,13309,40.0,40.0
Photosynthese,381.0,336.0,14419,15297,113.0,244.0
Fahrrad,643.0,40.0,3740,4474,56.0,52.0
Ast,447.0,321.0,5494,6183,52.0,49.0
Photosynthese,381.0,310.0,7661,8524,48.0,46.0
Schule,300.0,57.0,9685,12223,44.0,43.0
Infrastruktur,219.0,47.0,13732,15190,40.0,40.0
Fahrrad,386.0,45.0,18323,19658,643.0,40.0
Ast,721.0,42.0,4021,4860,56.0,52.0
Lehrer,323.0,360.0,6029,6761,52.0,49.0
Photosynthese,627.0,48.0,7841,10120,48.0,46.0
Laub,528.0,44.0,11375,12976,44.0,43.0
Physik,271.0,292.0,14144,15609,40.0,40.0
Ast,753.0,302.0,18663,19445,721.0,42.0
Laub,712.0,77.0,2197,2927,56.0,52.0
Baum,613.0,76.0,4169,5423,52.0,49.0
Lehrer,396.0,478.0,6308,7004,48.0,46.0
Ast,507.0,72.0,9144,10313,44.0,43.0
Schule,351.0,415.0,11465,13511,40.0,40.0
Ast,693.0,47.0,2744,3562,56.0,52.0
Laub,613.0,50.0,4679,6413,52.0,49.0
Lehrer,396.0,366.0,7421,8110,48.0,46.0
Erde,311.0,171.0,9133,9887,44.0,43.0
Fahrrad,55.0,40.0,13986,14326,40.0,40.0
Baum,556.0,87.0,2207,2996,56.0,52.0
Erde,307.0,387.0,4041,4860,52.0,49.0
Lehrer,795.0,328.0,6042,7740,48.0,46.0
Ast,477.0,84.0,9204,10191,44.0,43.0
Fahrrad,802.0,266.0,11557,13788,40.0,40.0
Baum,555.0,45.0,2338,2983,56.0,52.0
Schule,508.0,382.0,4557,5231,52.0,49.0
Infrastruktur,197.0,335.0,7029,7857,48.0,46.0
Lehrer,474.0,320.0,11099,12266,44.0,43.0
Physik,491.0,246.0,13477,14617,40.0,40.0
Laub,775.0,14.0,2038,2733,56.0,52.0
Erde,603.0,346.0,4185,4830,52.0,49.0
Baum,680.0,22.0,5964,8639,48.0,46.0
Schule,393.0,154.0,9756,11532,44.0,43.0
Photosynthese,581.0,32.0,13099,16159,40.0,40.0
Infrastruktur,426.0,74.0,11548,13528,56.0,52.0
Erde,230.0,224.0,14870,16030,52.0,49.0
Laub,72.0,217.0,17031,18075,48.0,46.0
Baum,237.0,11.0,19282,20119,44.0,43.0
Laub,72.0,217.0,33610,41030,237.0,11.0
Schule,65.0,127.0,43236,44227,40.0,40.0
Laub,71.0,253.0,45738,46585,72.0,217.0
Erde,285.0,13.0,49391,51978,230.0,224.0
Baum,208.0,142.0,4572,6999,56.0,52.0
Ast,86.0,198.0,8137,8954,52.0,49.0
Lehrer,402.0,89.0,9797,10344,48.0,46.0
Laub,73.0,336.0,11508,13662,44.0,43.0
Lehrer,402.0,89.0,14887,16496,40.0,40.0
Baum,89.0,177.0,17698,23666,208.0,142.0
Laub,149.0,203.0,26137,28118,73.0,336.0
Schule,413.0,61.0,0,0,413.0,61.0
Schule,368.0,122.0,3615,4520,56.0,52.0
Laub,66.0,240.0,5333,6304,52.0,49.0
Fahrrad,460.0,303.0,7291,8397,48.0,46.0
Erde,182.0,368.0,9180,11326,44.0,43.0
Schule,368.0,122.0,12522,13835,40.0,40.0
Laub,66.0,260.0,15479,17883,66.0,240.0
Fahrrad,460.0,303.0,20505,21316,460.0,303.0
Fahrrad,593.0,255.0,22468,23806,460.0,303.0
Physik,376.0,96.0,0,0,376.0,96.0
Laub,311.0,146.0,3391,4635,56.0,52.0
Ast,309.0,228.0,5247,8822,52.0,49.0
Physik,48.0,46.0,12279,12498,48.0,46.0
Physik,46.0,272.0,13364,14716,48.0,46.0
Photosynthese,450.0,56.0,16536,17677,44.0,43.0
Physik,545.0,59.0,21172,26300,46.0,272.0
Ast,305.0,202.0,28232,29047,309.0,228.0
Infrastruktur,40.0,40.0,0,0,40.0,40.0
Ast,347.0,142.0,2838,3563,56.0,52.0
Erde,106.0,289.0,4763,5859,52.0,49.0
Infrastruktur,560.0,97.0,6880,7760,48.0,46.0
Physik,413.0,420.0,9165,10566,44.0,43.0
Fahrrad,583.0,5.0,11919,16988,40.0,40.0
Ast,347.0,142.0,19723,20354,347.0,142.0
Erde,635.0,228.0,21450,22936,106.0,289.0
Physik,301.0,312.0,25164,26207,413.0,420.0
Physik,699.0,9.0,29074,31353,301.0,312.0
Ast,384.0,208.0,3256,3995,56.0,52.0
Baum,119.0,309.0,4797,5587,52.0,49.0
Photosynthese,472.0,93.0,6728,7537,48.0,46.0
Lehrer,255.0,322.0,8432,9635,44.0,43.0
Infrastruktur,40.0,40.0,8432,11273,44.0,43.0
Infrastruktur,38.0,77.0,11716,12385,40.0,40.0
Baum,459.0,204.0,14410,16257,119.0,309.0
Lehrer,307.0,322.0,20271,21306,255.0,322.0
Infrastruktur,146.0,143.0,22164,23392,38.0,77.0
Laub,476.0,148.0,3003,3514,56.0,52.0
Ast,505.0,75.0,4363,7070,52.0,49.0
Schule,115.0,190.0,7883,8919,48.0,46.0
Ast,505.0,75.0,10774,12382,44.0,43.0
Schule,115.0,190.0,13936,17588,40.0,40.0
Lehrer,129.0,237.0,0,0,129.0,237.0
Baum,503.0,31.0,0,0,503.0,31.0
Infrastruktur,433.0,80.0,2532,3255,56.0,52.0
Schule,205.0,274.0,3800,4904,52.0,49.0
Lehrer,651.0,91.0,5808,6538,48.0,46.0
Laub,52.0,287.0,7270,8083,44.0,43.0
Lehrer,651.0,91.0,10388,11979,40.0,40.0
Infrastruktur,531.0,88.0,12723,14066,433.0,80.0
Schule,668.0,139.0,15227,17039,205.0,274.0
Laub,288.0,323.0,18249,19104,52.0,287.0
Physik,660.0,66.0,0,0,660.0,66.0
Laub,384.0,159.0,2681,3112,56.0,52.0
Baum,150.0,211.0,3752,4608,52.0,49.0
Infrastruktur,462.0,66.0,5501,5911,48.0,46.0
Lehrer,46.0,294.0,6633,7408,44.0,43.0
Baum,377.0,213.0,10069,11083,150.0,211.0
Infrastruktur,605.0,84.0,12846,13153,462.0,66.0
Baum,380.0,265.0,15496,16626,377.0,213.0
Physik,65.0,228.0,18316,19764,40.0,40.0
Ast,501.0,100.0,2551,3169,56.0,52.0
Schule,245.0,205.0,3817,4556,52.0,49.0
Physik,249.0,168.0,5364,7266,48.0,46.0
Schule,245.0,205.0,8091,11384,44.0,43.0
Fahrrad,866.0,267.0,12463,14614,40.0,40.0
Photosynthese,250.0,263.0,0,0,250.0,263.0
Physik,363.0,197.0,2670,3078,56.0,52.0
Ast,119.0,311.0,3842,4318,52.0,49.0
Photosynthese,508.0,59.0,5691,6273,48.0,46.0
Lehrer,100.0,123.0,7211,8286,44.0,43.0
Lehrer,279.0,76.0,9015,10182,100.0,123.0
Physik,363.0,197.0,12571,13944,279.0,76.0
Photosynthese,368.0,54.0,15533,16938,508.0,59.0
Fahrrad,147.0,90.0,18470,19132,40.0,40.0
Ast,140.0,455.0,20702,21258,119.0,311.0
Ast,184.0,480.0,22376,24978,140.0,455.0
Erde,992.0,211.0,29677,30430,56.0,52.0
Baum,922.0,312.0,32055,33720,52.0,49.0
Physik,559.0,518.0,34475,35447,48.0,46.0
Lehrer,156.0,347.0,36142,36396,44.0,43.0
Fahrrad,561.0,108.0,37175,37428,40.0,40.0
Lehrer,417.0,452.0,41602,42830,156.0,347.0
Fahrrad,386.0,347.0,44623,47398,561.0,108.0
Lehrer,471.0,482.0,47975,50029,417.0,452.0
Erde,781.0,183.0,51309,54911,992.0,211.0
Physik,568.0,393.0,55543,56616,559.0,518.0
Lehrer,554.0,476.0,56944,58047,471.0,482.0
Fahrrad,453.0,378.0,59043,62758,386.0,347.0
Erde,749.0,273.0,63678,69729,781.0,183.0
Baum,856.0,250.0,72045,73414,922.0,312.0
Fahrrad,454.0,426.0,80410,82665,453.0,378.0
Erde,747.0,298.0,84425,85358,749.0,273.0
Baum,831.0,240.0,85759,86452,856.0,250.0
Photosynthese,857.0,566.0,1715,2103,56.0,52.0
Laub,830.0,212.0,2866,3316,52.0,49.0
Physik,564.0,228.0,3890,4151,48.0,46.0
Schule,336.0,476.0,4765,4984,44.0,43.0
Infrastruktur,406.0,413.0,5698,6018,40.0,40.0
Schule,492.0,366.0,6447,7599,336.0,476.0
Infrastruktur,403.0,438.0,9248,9451,406.0,413.0
Infrastruktur,409.0,416.0,9928,10563,403.0,438.0
Infrastruktur,398.0,410.0,11532,12396,409.0,416.0
Physik,585.0,294.0,13027,14571,564.0,228.0
Photosynthese,918.0,154.0,16733,17737,857.0,566.0
Laub,756.0,206.0,18714,21303,830.0,212.0
Photosynthese,842.0,146.0,21694,22320,918.0,154.0
Infrastruktur,1058.0,559.0,1402,1684,56.0,52.0
Ast,1267.0,185.0,2467,2762,52.0,49.0
Lehrer,761.0,424.0,4005,4222,48.0,46.0
Laub,220.0,383.0,4800,5021,44.0,43.0
Fahrrad,761.0,336.0,7361,8904,40.0,40.0
Infrastruktur,899.0,375.0,11967,16489,1058.0,559.0
Ast,353.0,444.0,17434,19272,1267.0,185.0
Laub,590.0,186.0,24869,26835,220.0,383.0
Ast,512.0,123.0,27971,29638,353.0,444.0
Infrastruktur,903.0,374.0,35651,38089,899.0,375.0
Lehrer,784.0,423.0,41768,44308,761.0,424.0
Infrastruktur,893.0,363.0,45102,45640,903.0,374.0
Fahrrad,729.0,319.0,49435,50089,761.0,336.0
Lehrer,796.0,396.0,50636,51265,784.0,423.0
Infrastruktur,870.0,354.0,51728,54718,893.0,363.0
Lehrer,755.0,407.0,55120,56072,796.0,396.0
Infrastruktur,853.0,355.0,56435,56766,870.0,354.0
Erde,893.0,412.0,1468,1853,56.0,52.0
Laub,958.0,268.0,2401,3204,52.0,49.0
Lehrer,669.0,234.0,3786,4157,48.0,46.0
Baum,598.0,534.0,4801,5091,44.0,43.0
Schule,798.0,586.0,5686,6579,40.0,40.0
Laub,491.0,458.0,11387,12938,958.0,268.0
Schule,802.0,146.0,15235,15974,798.0,586.0
Lehrer,695.0,138.0,16420,17073,669.0,234.0
Erde,706.0,354.0,17769,18423,893.0,412.0
Baum,764.0,601.0,19153,19703,598.0,534.0
Laub,654.0,593.0,20186,22352,491.0,458.0
Lehrer,643.0,215.0,23003,23857,695.0,138.0
Lehrer,660.0,151.0,24461,25472,643.0,215.0
Schule,769.0,152.0,25703,26572,802.0,146.0
Erde,706.0,365.0,31602,32025,706.0,354.0
Laub,817.0,342.0,1141,1505,56.0,52.0
Ast,513.0,127.0,2225,2574,52.0,49.0
Schule,480.0,423.0,3073,3409,48.0,46.0
Lehrer,880.0,544.0,4009,4419,44.0,43.0
Physik,567.0,578.0,5056,5991,40.0,40.0
Schule,461.0,576.0,7372,9792,480.0,423.0
Lehrer,515.0,491.0,10357,11738,880.0,544.0
Lehrer,553.0,305.0,15632,16139,515.0,491.0
Schule,491.0,399.0,16632,17424,461.0,576.0
Physik,592.0,401.0,17853,18955,567.0,578.0
Laub,788.0,560.0,20284,23187,817.0,342.0
Ast,888.0,643.0,23934,27888,513.0,127.0
Laub,826.0,561.0,30382,31525,788.0,560.0
Physik,629.0,434.0,32049,32836,592.0,401.0
Schule,524.0,389.0,33734,34719,491.0,399.0
Lehrer,620.0,312.0,35148,35887,553.0,305.0
Physik,627.0,398.0,36548,38554,629.0,434.0
Lehrer,554.0,303.0,39863,41670,620.0,312.0
Physik,653.0,405.0,42316,44756,627.0,398.0
Laub,844.0,552.0,45397,46720,826.0,561.0
Ast,927.0,612.0,47116,48336,888.0,643.0
Laub,897.0,578.0,50865,51602,844.0,552.0
Ast,1009.0,627.0,52950,53537,927.0,612.0
Laub,929.0,595.0,53917,54203,897.0,578.0
Ast,1027.0,645.0,54597,55068,1009.0,627.0
Fahrrad,679.0,399.0,1217,1508,56.0,52.0
Ast,705.0,205.0,2034,2324,52.0,49.0
Photosynthese,261.0,341.0,2847,3040,48.0,46.0
Laub,443.0,230.0,3665,3937,44.0,43.0
Infrastruktur,863.0,437.0,4582,5869,40.0,40.0
Laub,589.0,202.0,14898,15655,443.0,230.0
Photosynthese,481.0,249.0,16349,18668,261.0,341.0
Fahrrad,897.0,627.0,20549,21520,679.0,399.0
Infrastruktur,1054.0,624.0,21917,24701,863.0,437.0
Fahrrad,858.0,659.0,26333,26819,897.0,627.0
Ast,750.0,240.0,31884,32774,705.0,205.0
Laub,708.0,151.0,33197,34203,589.0,202.0
Photosynthese,617.0,77.0,34715,36336,481.0,249.0
Laub,677.0,146.0,37234,37621,708.0,151.0
Ast,751.0,209.0,37981,38450,750.0,240.0
Laub,692.0,161.0,38781,39486,677.0,146.0
Ast,767.0,231.0,39799,40520,751.0,209.0
Fahrrad,1004.0,691.0,42601,43993,858.0,659.0
Infrastruktur,1117.0,668.0,44298,45202,1054.0,624.0
Fahrrad,464.0,571.0,46550,47193,1004.0,691.0
Laub,468.0,442.0,47831,48752,692.0,161.0
Laub,578.0,298.0,51050,52984,468.0,442.0
Ast,692.0,298.0,53448,54904,767.0,231.0
Infrastruktur,664.0,638.0,55666,58318,1117.0,668.0
Fahrrad,573.0,573.0,58732,61021,464.0,571.0
Ast,685.0,232.0,61501,62255,692.0,298.0
Photosynthese,449.0,194.0,63315,67884,617.0,77.0
Ast,872.0,431.0,1644,2035,56.0,52.0
Baum,704.0,152.0,2607,2897,52.0,49.0
Erde,587.0,615.0,3458,3715,48.0,46.0
Laub,636.0,377.0,4275,4540,44.0,43.0
Photosynthese,481.0,254.0,5242,5698,40.0,40.0
Erde,702.0,514.0,10442,10797,587.0,615.0
Laub,591.0,269.0,11277,11697,636.0,377.0
Ast,814.0,514.0,12344,13428,872.0,431.0
Ast,705.0,262.0,15526,16681,814.0,514.0
Baum,707.0,174.0,17641,18411,704.0,152.0
Laub,600.0,223.0,18858,19695,591.0,269.0
Photosynthese,430.0,210.0,20059,21864,481.0,254.0
Laub,603.0,219.0,22377,23778,600.0,223.0
Photosynthese,428.0,197.0,24192,24812,430.0,210.0
Erde,620.0,512.0,26293,27415,702.0,514.0
Baum,712.0,314.0,28074,28578,707.0,174.0
Ast,708.0,165.0,28874,29662,705.0,262.0
Baum,707.0,259.0,30042,32680,712.0,314.0
Erde,683.0,512.0,33841,36183,620.0,512.0
Erde,876.0,221.0,1511,1933,56.0,52.0
Physik,756.0,318.0,2524,2781,52.0,49.0
Ast,531.0,445.0,10543,11166,44.0,43.0
Fahrrad,498.0,183.0,12106,12415,40.0,40.0
Erde,963.0,169.0,25393,26813,876.0,221.0
Physik,810.0,353.0,27340,28911,756.0,318.0
Ast,1026.0,80.0,42257,45880,531.0,445.0
Fahrrad,445.0,173.0,52191,54081,498.0,183.0
Physik,600.0,317.0,54826,56314,810.0,353.0
Erde,656.0,224.0,56778,57811,963.0,169.0
Erde,656.0,224.0,58208,62795,600.0,317.0
Erde,747.0,249.0,63058,64762,656.0,224.0
Erde,602.0,398.0,65427,67199,747.0,249.0
Physik,658.0,307.0,67524,68580,638.0,227.0
Ast,568.0,593.0,69993,72083,1026.0,80.0
Fahrrad,438.0,172.0,91080,91432,445.0,173.0
Fahrrad,438.0,172.0,91578,91665,438.0,172.0
Ast,558.0,608.0,95027,95264,568.0,593.0
Infrastruktur,902.0,836.0,0,0,902.0,836.0
Fahrrad,921.0,333.0,1629,2069,56.0,52.0
Infrastruktur,890.0,132.0,2629,3152,52.0,49.0
Lehrer,746.0,510.0,3699,4285,48.0,46.0
Schule,642.0,156.0,4798,5204,44.0,43.0
Photosynthese,261.0,438.0,5815,6181,40.0,40.0
Schule,628.0,506.0,12045,13721,642.0,156.0
Fahrrad,959.0,474.0,14214,15635,921.0,333.0
Infrastruktur,678.0,616.0,16545,17999,890.0,132.0
Lehrer,512.0,497.0,18347,19451,746.0,510.0
Infrastruktur,817.0,674.0,19798,21833,678.0,616.0
Photosynthese,317.0,281.0,23981,28717,261.0,438.0
Infrastruktur,819.0,699.0,29965,30485,817.0,674.0
Infrastruktur,819.0,699.0,30582,30668,819.0,699.0
Infrastruktur,778.0,636.0,30815,32749,819.0,699.0
Baum,1314.0,141.0,1349,1855,56.0,52.0
Photosynthese,749.0,283.0,2446,2835,52.0,49.0
Fahrrad,558.0,410.0,3346,3887,48.0,46.0
Erde,518.0,276.0,4481,5104,44.0,43.0
Schule,818.0,489.0,5581,6252,40.0,40.0
Baum,948.0,497.0,10215,12071,1314.0,141.0
Baum,1004.0,431.0,12579,13167,948.0,497.0
Photosynthese,1212.0,321.0,13947,14785,749.0,283.0
Fahrrad,649.0,541.0,15415,16819,558.0,410.0
Erde,1241.0,531.0,17529,19300,518.0,276.0
Schule,879.0,442.0,20315,21652,818.0,489.0
Fahrrad,601.0,544.0,22779,23053,649.0,541.0
Fahrrad,720.0,611.0,23980,24284,601.0,544.0
Fahrrad,652.0,543.0,25348,28550,720.0,611.0
Erde,1136.0,671.0,29147,29950,1241.0,531.0
Photosynthese,1127.0,170.0,1220,1624,56.0,52.0
Erde,842.0,192.0,2421,2862,52.0,49.0
Lehrer,463.0,451.0,3588,3762,48.0,46.0
Baum,1018.0,469.0,4969,5360,44.0,43.0
Infrastruktur,510.0,245.0,8455,9213,40.0,40.0
Erde,747.0,244.0,9739,11791,842.0,192.0
Photosynthese,895.0,152.0,12487,14092,1127.0,170.0
Baum,1018.0,469.0,14823,14904,1018.0,469.0
Photosynthese,1150.0,124.0,15369,15559,895.0,152.0
Baum,879.0,147.0,16070,16941,1018.0,469.0
Photosynthese,993.0,69.0,17821,18459,1150.0,124.0
Baum,885.0,150.0,18822,20122,879.0,147.0
Photosynthese,977.0,86.0,20687,21691,993.0,69.0
Lehrer,805.0,589.0,23605,24261,463.0,451.0
Infrastruktur,555.0,302.0,24902,26043,510.0,245.0
Lehrer,945.0,439.0,26603,30209,805.0,589.0
Infrastruktur,518.0,318.0,36987,37508,555.0,302.0
Laub,1258.0,121.0,3394,4744,56.0,52.0
Baum,777.0,259.0,5674,6413,52.0,49.0
Laub,1644.0,75.0,8526,9460,1258.0,121.0
Infrastruktur,46.0,449.0,10558,10964,48.0,46.0
Photosynthese,512.0,35.0,11759,12249,44.0,43.0
Fahrrad,730.0,605.0,12943,13932,40.0,40.0
Baum,832.0,337.0,19094,20645,777.0,259.0
Laub,949.0,338.0,22993,25466,1644.0,75.0
Photosynthese,879.0,168.0,26409,28367,512.0,35.0
Fahrrad,325.0,616.0,29390,29961,730.0,605.0
Infrastruktur,4.0,5.0,31258,34195,46.0,449.0
Fahrrad,5.0,90.0,35157,39083,325.0,616.0
Baum,1766.0,704.0,40241,42631,832.0,337.0
Laub,760.0,468.0,43410,43781,949.0,338.0
Photosynthese,1775.0,439.0,44274,47246,879.0,168.0
Laub,1659.0,705.0,48010,53098,760.0,468.0
Photosynthese,1716.0,438.0,53744,54844,1775.0,439.0
Baum,1481.0,344.0,2892,3381,56.0,52.0
Infrastruktur,616.0,684.0,4093,4552,52.0,49.0
Fahrrad,614.0,598.0,5328,7987,48.0,46.0
Erde,1105.0,186.0,8809,9515,44.0,43.0
Laub,1482.0,282.0,10110,11665,40.0,40.0
Erde,982.0,280.0,12108,13362,1105.0,186.0
Laub,1526.0,129.0,14393,15131,1482.0,282.0
Baum,1529.0,215.0,15644,17904,1481.0,344.0
Baum,1278.0,184.0,1831,2169,56.0,52.0
Fahrrad,689.0,667.0,2765,3140,52.0,49.0
Laub,340.0,489.0,4132,4555,48.0,46.0
Physik,783.0,140.0,5367,5854,44.0,43.0
Laub,36.0,133.0,8048,9870,340.0,489.0
Baum,36.0,222.0,10633,13844,1278.0,184.0
Fahrrad,844.0,470.0,14966,15509,689.0,667.0
Physik,1699.0,59.0,16033,17251,783.0,140.0
Fahrrad,1454.0,657.0,18732,19921,844.0,470.0
Physik,1768.0,19.0,20633,21205,1699.0,59.0
Fahrrad,941.0,710.0,21980,23954,1454.0,657.0
Photosynthese,40.0,40.0,0,0,40.0,40.0
Erde,1141.0,198.0,1544,1947,56.0,52.0
Infrastruktur,793.0,362.0,4061,4506,52.0,49.0
Lehrer,280.0,538.0,5197,5572,48.0,46.0
Laub,586.0,61.0,6093,6515,44.0,43.0
Lehrer,43.0,135.0,7728,9551,280.0,538.0
Laub,533.0,606.0,10564,11334,586.0,61.0
Infrastruktur,879.0,42.0,12061,14516,793.0,362.0
Erde,500.0,234.0,15047,18999,1141.0,198.0
Physik,40.0,40.0,0,0,40.0,40.0
Erde,1351.0,159.0,1719,2190,56.0,52.0
Schule,675.0,412.0,2701,3173,52.0,49.0
Physik,569.0,412.0,3769,5537,48.0,46.0
Lehrer,674.0,498.0,6083,10036,44.0,43.0
Infrastruktur,991.0,33.0,10616,14686,40.0,40.0
Erde,1198.0,319.0,15600,16689,1351.0,159.0
Laub,854.0,317.0,1556,2093,56.0,52.0
Photosynthese,618.0,442.0,2757,3979,52.0,49.0
Erde,503.0,197.0,4608,5368,48.0,46.0
Ast,305.0,405.0,6306,6928,44.0,43.0
Fahrrad,6.0,1.0,7506,8631,40.0,40.0
Laub,415.0,407.0,9275,11049,854.0,317.0
Photosynthese,508.0,588.0,11606,13813,618.0,442.0
Fahrrad,1410.0,89.0,14525,15963,6.0,1.0
Physik,840.0,131.0,1497,1772,56.0,52.0
Lehrer,737.0,330.0,2598,2920,52.0,49.0
Fahrrad,587.0,564.0,3515,3940,48.0,46.0
Baum,98.0,323.0,4579,4970,44.0,43.0
Baum,43.0,130.0,5747,7022,98.0,323.0
Lehrer,779.0,72.0,8265,9616,737.0,330.0
Physik,780.0,171.0,10046,11284,840.0,131.0
Fahrrad,1638.0,36.0,11881,13986,587.0,564.0
Laub,40.0,40.0,0,0,40.0,40.0
Infrastruktur,609.0,66.0,2349,2891,56.0,52.0
Schule,758.0,367.0,3496,3938,52.0,49.0
Lehrer,316.0,694.0,4413,4754,48.0,46.0
Ast,789.0,714.0,5597,6953,44.0,43.0
Lehrer,21.0,239.0,7499,8782,316.0,694.0
Schule,209.0,269.0,9697,10588,758.0,367.0
Schule,129.0,239.0,11382,12253,209.0,269.0
Infrastruktur,237.0,653.0,12932,15300,609.0,66.0
Ast,753.0,64.0,16081,17053,789.0,714.0
Physik,40.0,40.0,0,0,40.0,40.0
Photosynthese,573.0,119.0,1553,1886,56.0,52.0
Baum,437.0,510.0,2466,2772,52.0,49.0
Schule,29.0,498.0,3300,3593,48.0,46.0
Ast,1024.0,67.0,4167,4789,44.0,43.0
Infrastruktur,947.0,367.0,5485,6624,40.0,40.0
Baum,923.0,65.0,7602,9790,437.0,510.0
Photosynthese,1409.0,45.0,10235,11291,573.0,119.0
Infrastruktur,426.0,383.0,12016,13539,947.0,367.0
Schule,1473.0,395.0,14234,15340,29.0,498.0
Infrastruktur,943.0,606.0,15902,17370,426.0,383.0
Erde,1062.0,126.0,1284,1722,56.0,52.0
Ast,639.0,386.0,2317,2689,52.0,49.0
Schule,146.0,527.0,3248,3604,48.0,46.0
Lehrer,142.0,445.0,4131,6020,44.0,43.0
Photosynthese,1053.0,476.0,7017,8804,40.0,40.0
Erde,253.0,91.0,9298,10353,1062.0,126.0
Ast,932.0,347.0,11000,12104,639.0,386.0
Physik,1189.0,149.0,1664,2021,56.0,52.0
Ast,819.0,319.0,2698,3020,52.0,49.0
Erde,302.0,341.0,3783,4172,40.0,40.0
Baum,51.0,431.0,4650,5101,44.0,43.0
Baum,824.0,401.0,6447,8287,51.0,431.0
Erde,362.0,306.0,8899,9770,302.0,341.0
Photosynthese,414.0,320.0,11380,12686,48.0,46.0
Erde,231.0,29.0,13249,15533,362.0,306.0
Baum,218.0,49.0,4463,6963,56.0,52.0
Laub,235.0,121.0,7576,8632,52.0,49.0
Photosynthese,124.0,150.0,9228,9834,48.0,46.0
Fahrrad,35.0,141.0,10662,11328,44.0,43.0
Baum,674.0,22.0,14945,17013,218.0,49.0
Laub,680.0,284.0,17760,23731,235.0,121.0
Photosynthese,685.0,375.0,24628,28697,124.0,150.0
Baum,428.0,30.0,33461,37702,674.0,22.0
Infrastruktur,152.0,42.0,39929,40635,40.0,40.0
Laub,511.0,172.0,47244,48765,680.0,284.0
Photosynthese,547.0,285.0,49662,50433,685.0,375.0
Schule,836.0,66.0,1836,2573,56.0,52.0
Photosynthese,334.0,167.0,3333,3755,52.0,49.0
Lehrer,836.0,151.0,4500,6972,48.0,46.0
Ast,84.0,201.0,8667,9187,44.0,43.0
Physik,517.0,112.0,10985,15339,40.0,40.0
Photosynthese,506.0,216.0,17219,18986,334.0,167.0
Ast,426.0,307.0,20418,24287,84.0,201.0
Physik,906.0,101.0,2634,3307,56.0,52.0
Laub,366.0,86.0,4620,5080,52.0,49.0
Schule,192.0,235.0,5587,5925,48.0,46.0
Baum,33.0,177.0,6569,7022,44.0,43.0
Schule,1062.0,26.0,16850,18040,192.0,235.0
Baum,298.0,38.0,20470,21454,33.0,177.0
Ast,249.0,126.0,23252,24908,40.0,40.0
Laub,189.0,225.0,25554,28022,366.0,86.0
Physik,659.0,32.0,29753,33388,906.0,101.0
Schule,791.0,26.0,34103,36409,1062.0,26.0
Erde,1484.0,34.0,1604,1959,56.0,52.0
Lehrer,881.0,61.0,3668,3994,52.0,49.0
Schule,521.0,274.0,4737,5074,40.0,40.0
Infrastruktur,253.0,306.0,6036,6459,48.0,46.0
Erde,691.0,30.0,9335,11273,1484.0,34.0
Schule,914.0,147.0,12454,13709,521.0,274.0
Infrastruktur,686.0,173.0,14752,16457,253.0,306.0
Baum,545.0,94.0,18569,20174,44.0,43.0
Schule,827.0,105.0,21253,22040,914.0,147.0
Lehrer,963.0,141.0,22571,24505,881.0,61.0
Infrastruktur,1332.0,236.0,1723,2111,56.0,52.0
Ast,715.0,125.0,2823,3231,52.0,49.0
Laub,345.0,74.0,3774,4114,48.0,46.0
Schule,196.0,63.0,4658,4978,44.0,43.0
Lehrer,115.0,259.0,5475,5882,40.0,40.0
Schule,127.0,169.0,9208,11164,196.0,63.0
Infrastruktur,211.0,57.0,12973,14662,1332.0,236.0
Laub,826.0,215.0,15760,17176,345.0,74.0
Photosynthese,593.0,115.0,1522,1845,56.0,52.0
Erde,346.0,65.0,2319,2595,52.0,49.0
Physik,141.0,62.0,3036,3359,48.0,46.0
Baum,40.0,145.0,3836,4333,44.0,43.0
Physik,14.0,306.0,6205,8460,141.0,62.0
Lehrer,22.0,208.0,9671,12339,40.0,40.0
Baum,469.0,148.0,14204,15259,40.0,145.0
Photosynthese,579.0,228.0,15772,16771,593.0,115.0
Erde,586.0,97.0,1754,1943,56.0,52.0
Ast,247.0,48.0,2684,2955,52.0,49.0
Infrastruktur,258.0,196.0,3451,3725,48.0,46.0
Schule,82.0,151.0,4268,4758,44.0,43.0
Infrastruktur,406.0,38.0,7967,8473,258.0,196.0
Fahrrad,263.0,173.0,9218,10593,40.0,40.0
Erde,506.0,-41.0,11404,13721,586.0,97.0
Infrastruktur,383.0,75.0,14335,14638,406.0,38.0
Erde,490.0,6.0,15352,16807,506.0,-41.0
Infrastruktur,377.0,94.0,17389,18003,383.0,75.0
Fahrrad,211.0,228.0,18818,20039,263.0,173.0
Schule,494.0,229.0,20820,23322,82.0,151.0
Ast,291.0,204.0,24168,25561,247.0,48.0
Ast,1131.0,38.0,25736,27854,291.0,204.0
Erde,621.0,70.0,1853,2209,56.0,52.0
Physik,333.0,58.0,2853,3144,52.0,49.0
Photosynthese,253.0,72.0,3570,3790,48.0,46.0
Laub,73.0,115.0,4238,4426,44.0,43.0
Infrastruktur,494.0,9.0,9354,11313,40.0,40.0
Infrastruktur,484.0,175.0,12537,13859,494.0,9.0
Physik,372.0,283.0,16006,17222,333.0,58.0
Laub,948.0,296.0,18154,19960,73.0,115.0
Photosynthese,1077.0,391.0,20939,23792,253.0,72.0
Photosynthese,763.0,155.0,1403,1592,56.0,52.0
Erde,339.0,76.0,2237,2541,52.0,49.0
Fahrrad,98.0,236.0,3037,3329,48.0,46.0
Ast,161.0,154.0,3988,4342,44.0,43.0
Erde,667.0,62.0,7070,7626,339.0,76.0
Schule,353.0,211.0,9005,9908,40.0,40.0
Ast,408.0,157.0,11219,11577,161.0,154.0
Photosynthese,923.0,245.0,12104,12391,763.0,155.0
Ast,1110.0,308.0,13488,16431,408.0,157.0
Photosynthese,1225.0,383.0,16936,18174,923.0,245.0
Photosynthese,877.0,339.0,20439,23406,1225.0,383.0
Fahrrad,340.0,64.0,24555,27139,98.0,236.0
Photosynthese,567.0,95.0,2988,3376,56.0,52.0
Lehrer,316.0,83.0,4689,5045,52.0,49.0
Fahrrad,411.0,285.0,5524,5860,48.0,46.0
Baum,66.0,204.0,6940,7446,44.0,43.0
Infrastruktur,735.0,19.0,16040,18791,40.0,40.0
Photosynthese,1189.0,196.0,19705,20078,567.0,95.0
Fahrrad,796.0,287.0,21157,21796,411.0,285.0
Baum,1082.0,113.0,24238,26956,66.0,204.0
Lehrer,530.0,196.0,28688,30910,316.0,83.0
Fahrrad,771.0,173.0,31557,33808,796.0,287.0
Physik,608.0,180.0,1489,1863,56.0,52.0
Lehrer,363.0,105.0,2423,2693,52.0,49.0
Laub,165.0,81.0,3056,3326,48.0,46.0
Baum,44.0,43.0,3056,4141,48.0,46.0
Baum,76.0,158.0,4408,4957,44.0,43.0
Lehrer,688.0,14.0,9441,10597,363.0,105.0
Lehrer,476.0,69.0,11555,12145,688.0,14.0
Physik,436.0,173.0,12656,14310,608.0,180.0
Baum,1093.0,114.0,15855,16561,76.0,158.0
Laub,1075.0,203.0,17990,19647,165.0,81.0
Photosynthese,765.0,245.0,20921,22959,40.0,40.0
Lehrer,316.0,56.0,25521,26230,476.0,69.0
