SessionID,ConceptA,ConceptB,xConceptA,yConceptB,xConceptB,yConceptB,Distance,NearestDistance,QstNr,QstDuration,ConceptClicksPerTest,RelativeDistance,NearestRelativeDistance
2350fd2e-2be4-4270-a39c-c6c24dec620b,Baum,Laub,877.0,261.0,956.0,169.0,121.26417442921878,12.0,0.0,14370.0,9.0,0.19295691887432642,0.0232185206999749
2350fd2e-2be4-4270-a39c-c6c24dec620b,Fahrrad,Laub,462.0,304.0,956.0,169.0,512.1142450664695,397.8203111958966,0.0,14370.0,9.0,0.8148819493044586,0.7697332608643651
2350fd2e-2be4-4270-a39c-c6c24dec620b,Infrastruktur,Laub,342.0,303.0,956.0,169.0,628.452066589012,516.8287917676414,0.0,14370.0,9.0,1.0,1.0
2350fd2e-2be4-4270-a39c-c6c24dec620b,Photosynthese,Laub,851.0,145.0,956.0,169.0,107.70793842609746,5.0,0.0,14370.0,9.0,0.17138608360490137,0.009674383624989543
2350fd2e-2be4-4270-a39c-c6c24dec620b,Fahrrad,Baum,462.0,304.0,877.0,261.0,417.22176357424115,315.0,0.0,14370.0,9.0,0.6638879649783873,0.6094861683743412
2350fd2e-2be4-4270-a39c-c6c24dec620b,Infrastruktur,Baum,342.0,303.0,877.0,261.0,536.6460658571905,435.0,0.0,14370.0,9.0,0.8539172585904474,0.8416713753740902
2350fd2e-2be4-4270-a39c-c6c24dec620b,Photosynthese,Baum,851.0,145.0,877.0,261.0,118.87808881370864,36.0,0.0,14370.0,9.0,0.18916015259354887,0.06965556209992471
2350fd2e-2be4-4270-a39c-c6c24dec620b,Infrastruktur,Fahrrad,342.0,303.0,462.0,304.0,120.00416659433121,20.0,0.0,14370.0,9.0,0.19095198022924187,0.03869753449995817
2350fd2e-2be4-4270-a39c-c6c24dec620b,Photosynthese,Fahrrad,851.0,145.0,462.0,304.0,420.240407386058,299.60307074527793,0.0,14370.0,9.0,0.6686912649789758,0.5796950083229401
2350fd2e-2be4-4270-a39c-c6c24dec620b,Photosynthese,Infrastruktur,851.0,145.0,342.0,303.0,532.9587226042933,416.37122859294686,0.0,14370.0,9.0,0.8480499165146855,0.8056269991632765
2350fd2e-2be4-4270-a39c-c6c24dec620b,Photosynthese,Fahrrad,836.0,191.0,420.0,298.0,429.54045211132325,317.1513834117707,1.0,17672.0,10.0,0.9459774899975752,0.895907862745115
2350fd2e-2be4-4270-a39c-c6c24dec620b,Schule,Fahrrad,576.0,78.0,420.0,298.0,269.69612529660117,150.78461459976612,1.0,17672.0,10.0,0.5939521235220697,0.4259452389823902
2350fd2e-2be4-4270-a39c-c6c24dec620b,Baum,Fahrrad,874.0,290.0,420.0,298.0,454.0704791108975,354.0,1.0,17672.0,10.0,1.0,1.0
2350fd2e-2be4-4270-a39c-c6c24dec620b,Physik,Fahrrad,703.0,134.0,420.0,298.0,327.08561570328953,201.357890334598,1.0,17672.0,10.0,0.7203410720374216,0.5688075998152486
2350fd2e-2be4-4270-a39c-c6c24dec620b,Schule,Photosynthese,576.0,78.0,836.0,191.0,283.494268019655,163.36768346279504,1.0,17672.0,10.0,0.6243397909830145,0.46149063125083345
2350fd2e-2be4-4270-a39c-c6c24dec620b,Baum,Photosynthese,874.0,290.0,836.0,191.0,106.04244433244644,19.0,1.0,17672.0,10.0,0.2335374115051151,0.05367231638418079
2350fd2e-2be4-4270-a39c-c6c24dec620b,Physik,Photosynthese,703.0,134.0,836.0,191.0,144.69968901141425,33.0,1.0,17672.0,10.0,0.31867231116796363,0.09322033898305085
2350fd2e-2be4-4270-a39c-c6c24dec620b,Baum,Schule,874.0,290.0,576.0,78.0,365.7157366042648,237.9663841806233,1.0,17672.0,10.0,0.8054162369691207,0.6722214242390488
2350fd2e-2be4-4270-a39c-c6c24dec620b,Physik,Schule,703.0,134.0,576.0,78.0,138.7984149765407,27.0,1.0,17672.0,10.0,0.30567592777297026,0.07627118644067797
2350fd2e-2be4-4270-a39c-c6c24dec620b,Physik,Baum,703.0,134.0,874.0,290.0,231.46706029152398,104.00480758118829,1.0,17672.0,10.0,0.5097602045055936,0.2937988914722833
2350fd2e-2be4-4270-a39c-c6c24dec620b,Ast,Lehrer,208.0,81.0,644.0,161.0,443.2786933747211,336.0,2.0,18180.0,12.0,0.727500167670933,0.6916626393247113
2350fd2e-2be4-4270-a39c-c6c24dec620b,Infrastruktur,Lehrer,760.0,339.0,644.0,161.0,212.46176126540982,99.29753269845128,2.0,18180.0,12.0,0.34868801332976906,0.20440593316857927
2350fd2e-2be4-4270-a39c-c6c24dec620b,Erde,Lehrer,301.0,385.0,644.0,161.0,409.6644968751869,282.46238687655386,2.0,18180.0,12.0,0.6723332174993338,0.5814544048124849
2350fd2e-2be4-4270-a39c-c6c24dec620b,Schule,Lehrer,752.0,158.0,644.0,161.0,108.04165863221463,8.0,2.0,18180.0,12.0,0.17731581947237393,0.016468158079159793
2350fd2e-2be4-4270-a39c-c6c24dec620b,Infrastruktur,Ast,760.0,339.0,208.0,81.0,609.3176511475767,485.78596109809513,2.0,18180.0,12.0,1.0,1.0
2350fd2e-2be4-4270-a39c-c6c24dec620b,Erde,Ast,301.0,385.0,208.0,81.0,317.90721916936707,224.00000000000003,2.0,18180.0,12.0,0.52174299984684,0.46110842621647424
2350fd2e-2be4-4270-a39c-c6c24dec620b,Schule,Ast,752.0,158.0,208.0,81.0,549.4224240054277,444.0,2.0,18180.0,12.0,0.9017011454873439,0.9139827733933685
2350fd2e-2be4-4270-a39c-c6c24dec620b,Erde,Infrastruktur,301.0,385.0,760.0,339.0,461.29925211298576,359.0,2.0,18180.0,12.0,0.7570751499553376,0.7390085938022957
2350fd2e-2be4-4270-a39c-c6c24dec620b,Schule,Infrastruktur,752.0,158.0,760.0,339.0,181.1767093199344,101.0,2.0,18180.0,12.0,0.29734360883639227,0.20791049574939238
2350fd2e-2be4-4270-a39c-c6c24dec620b,Schule,Erde,752.0,158.0,301.0,385.0,504.9059318328514,380.5390912902379,2.0,18180.0,12.0,0.8286415646779994,0.783347238833432
2350fd2e-2be4-4270-a39c-c6c24dec620b,Ast,Schule,712.0,249.0,218.0,422.0,523.4166600329035,404.82712359722143,3.0,9933.0,5.0,0.7070293635612815,0.6494339213896496
2350fd2e-2be4-4270-a39c-c6c24dec620b,Baum,Schule,823.0,294.0,218.0,422.0,618.3922703268533,507.2760589659244,3.0,9933.0,5.0,0.8353220802962712,0.8137850973866628
2350fd2e-2be4-4270-a39c-c6c24dec620b,Lehrer,Schule,111.0,420.0,218.0,422.0,107.01868995647442,7.0,3.0,9933.0,5.0,0.14456046592848548,0.011229577231219765
2350fd2e-2be4-4270-a39c-c6c24dec620b,Laub,Schule,820.0,207.0,218.0,422.0,639.2409561346957,519.8355509197115,3.0,9933.0,5.0,0.8634844109658399,0.8339333523695107
2350fd2e-2be4-4270-a39c-c6c24dec620b,Baum,Ast,823.0,294.0,712.0,249.0,119.77478866606278,11.0,3.0,9933.0,5.0,0.16179135871588393,0.017646478506202486
2350fd2e-2be4-4270-a39c-c6c24dec620b,Lehrer,Ast,111.0,420.0,712.0,249.0,624.8535828496144,509.1974076917517,3.0,9933.0,5.0,0.8440499982812493,0.8168673736587747
2350fd2e-2be4-4270-a39c-c6c24dec620b,Laub,Ast,820.0,207.0,712.0,249.0,115.8792474949678,8.0,3.0,9933.0,5.0,0.15652927555110102,0.012833802549965447
2350fd2e-2be4-4270-a39c-c6c24dec620b,Lehrer,Baum,111.0,420.0,823.0,294.0,723.0629294881601,613.7263233722341,3.0,9933.0,5.0,0.976710834574185,0.984555306734437
2350fd2e-2be4-4270-a39c-c6c24dec620b,Laub,Baum,820.0,207.0,823.0,294.0,87.05170877128145,7.000000000000001,3.0,9933.0,5.0,0.11758913872862217,0.011229577231219767
2350fd2e-2be4-4270-a39c-c6c24dec620b,Laub,Lehrer,820.0,207.0,111.0,420.0,740.3039916142557,623.3538321050092,3.0,9933.0,5.0,1.0,1.0
2350fd2e-2be4-4270-a39c-c6c24dec620b,Physik,Fahrrad,690.0,233.0,626.0,70.0,175.1142484208524,83.0,4.0,18994.0,12.0,0.30500026332579355,0.172915916165187
2350fd2e-2be4-4270-a39c-c6c24dec620b,Lehrer,Fahrrad,500.0,210.0,626.0,70.0,188.35073665903195,65.39113089708727,4.0,18994.0,12.0,0.32805454037383297,0.13623093142346399
2350fd2e-2be4-4270-a39c-c6c24dec620b,Baum,Fahrrad,484.0,500.0,626.0,70.0,452.8399275682302,352.5109927363968,4.0,18994.0,12.0,0.7887210686637466,0.7343947140640198
2350fd2e-2be4-4270-a39c-c6c24dec620b,Erde,Fahrrad,757.0,629.0,626.0,70.0,574.1445810943442,480.0020833288122,4.0,18994.0,12.0,1.0,1.0
2350fd2e-2be4-4270-a39c-c6c24dec620b,Lehrer,Physik,500.0,210.0,690.0,233.0,191.38704240360684,90.0,4.0,18994.0,12.0,0.33334293957597744,0.18749918620321482
2350fd2e-2be4-4270-a39c-c6c24dec620b,Baum,Physik,484.0,500.0,690.0,233.0,337.23137457834497,214.9534833400008,4.0,18994.0,12.0,0.5873631584845188,0.4478178133088494
2350fd2e-2be4-4270-a39c-c6c24dec620b,Erde,Physik,757.0,629.0,690.0,233.0,401.6279372752847,316.0,4.0,18994.0,12.0,0.6995240406340937,0.6583304760023987
2350fd2e-2be4-4270-a39c-c6c24dec620b,Baum,Lehrer,484.0,500.0,500.0,210.0,290.4410439314664,210.0,4.0,18994.0,12.0,0.50586743042645,0.4374981011408346
2350fd2e-2be4-4270-a39c-c6c24dec620b,Erde,Lehrer,757.0,629.0,500.0,210.0,491.5384013482568,373.5906851087163,4.0,18994.0,12.0,0.8561230350922472,0.7783105492331754
2350fd2e-2be4-4270-a39c-c6c24dec620b,Erde,Baum,757.0,629.0,484.0,500.0,301.94370336206714,179.8054504179448,4.0,18994.0,12.0,0.5259018604452375,0.3745930625363016
2350fd2e-2be4-4270-a39c-c6c24dec620b,Schule,Infrastruktur,755.0,189.0,1083.0,40.0,360.25685281476603,238.2120903732638,5.0,19407.0,12.0,0.5684144618240826,0.46824242116924764
2350fd2e-2be4-4270-a39c-c6c24dec620b,Laub,Infrastruktur,521.0,333.0,1083.0,40.0,633.792552812038,508.7366705870533,5.0,19407.0,12.0,1.0,1.0
2350fd2e-2be4-4270-a39c-c6c24dec620b,Photosynthese,Infrastruktur,638.0,335.0,1083.0,40.0,533.9007398384085,406.5095324835569,5.0,19407.0,12.0,0.8423903649065846,0.7990568716315808
2350fd2e-2be4-4270-a39c-c6c24dec620b,Lehrer,Infrastruktur,868.0,185.0,1083.0,40.0,259.3260495977988,132.09844813622905,5.0,19407.0,12.0,0.40916550446547506,0.25965977247874605
2350fd2e-2be4-4270-a39c-c6c24dec620b,Laub,Schule,521.0,333.0,755.0,189.0,274.75807540452746,148.49915824677257,5.0,19407.0,12.0,0.43351420616330855,0.2918978851581761
2350fd2e-2be4-4270-a39c-c6c24dec620b,Photosynthese,Schule,638.0,335.0,755.0,189.0,187.09623192357455,68.15423684555495,5.0,19407.0,12.0,0.2952010576543665,0.1339676119020648
2350fd2e-2be4-4270-a39c-c6c24dec620b,Lehrer,Schule,868.0,185.0,755.0,189.0,113.07077429645558,13.0,5.0,19407.0,12.0,0.17840344414710826,0.02555349506258068
2350fd2e-2be4-4270-a39c-c6c24dec620b,Photosynthese,Laub,638.0,335.0,521.0,333.0,117.01709276853532,17.0,5.0,19407.0,12.0,0.18462995857137932,0.033416108927990115
2350fd2e-2be4-4270-a39c-c6c24dec620b,Lehrer,Laub,868.0,185.0,521.0,333.0,377.24395290050705,256.1893830743187,5.0,19407.0,12.0,0.5952167648968655,0.5035795488827072
2350fd2e-2be4-4270-a39c-c6c24dec620b,Lehrer,Photosynthese,868.0,185.0,638.0,335.0,274.5906043549196,147.648230602334,5.0,19407.0,12.0,0.4332499697836527,0.2902252562842704
2350fd2e-2be4-4270-a39c-c6c24dec620b,Erde,Lehrer,462.0,119.0,392.0,622.0,507.8474180302584,423.00000000000006,6.0,14898.0,7.0,0.8806979288725442,0.9236864750087745
2350fd2e-2be4-4270-a39c-c6c24dec620b,Infrastruktur,Lehrer,488.0,423.0,392.0,622.0,220.94569468536832,119.0,6.0,14898.0,7.0,0.38315921041291107,0.25985506034525807
2350fd2e-2be4-4270-a39c-c6c24dec620b,Fahrrad,Lehrer,345.0,421.0,392.0,622.0,206.42189806316577,121.0,6.0,14898.0,7.0,0.35797235871215527,0.26422237228383383
2350fd2e-2be4-4270-a39c-c6c24dec620b,Laub,Lehrer,696.0,132.0,392.0,622.0,576.6420033261538,457.94759525517765,6.0,14898.0,7.0,1.0,1.0
2350fd2e-2be4-4270-a39c-c6c24dec620b,Infrastruktur,Erde,488.0,423.0,462.0,119.0,305.1098162957069,224.00000000000003,6.0,14898.0,7.0,0.5291147965909345,0.48913893712048584
2350fd2e-2be4-4270-a39c-c6c24dec620b,Fahrrad,Erde,345.0,421.0,462.0,119.0,323.87188825212974,222.64994947226015,6.0,14898.0,7.0,0.561651573045304,0.48619089122674636
2350fd2e-2be4-4270-a39c-c6c24dec620b,Laub,Erde,696.0,132.0,462.0,119.0,234.3608329051593,134.0,6.0,14898.0,7.0,0.4064234508643706,0.2926098998845763
2350fd2e-2be4-4270-a39c-c6c24dec620b,Fahrrad,Infrastruktur,345.0,421.0,488.0,423.0,143.01398533010678,43.0,6.0,14898.0,7.0,0.24801173779430147,0.09389720667937897
2350fd2e-2be4-4270-a39c-c6c24dec620b,Laub,Infrastruktur,696.0,132.0,488.0,423.0,357.6940033045005,237.03375287076733,6.0,14898.0,7.0,0.6203051481530484,0.5176001693789599
2350fd2e-2be4-4270-a39c-c6c24dec620b,Laub,Fahrrad,696.0,132.0,345.0,421.0,454.6669110458776,326.6221058042459,6.0,14898.0,7.0,0.7884734521996206,0.71323031104082
2350fd2e-2be4-4270-a39c-c6c24dec620b,Laub,Physik,552.0,144.0,902.0,32.0,367.48333295538725,252.03967941576184,7.0,28049.0,17.0,0.5919071984142193,0.4893743721881758
2350fd2e-2be4-4270-a39c-c6c24dec620b,Photosynthese,Physik,673.0,146.0,902.0,32.0,255.80656754665233,133.4053971921676,7.0,28049.0,17.0,0.412028887173717,0.25902739857773566
2350fd2e-2be4-4270-a39c-c6c24dec620b,Fahrrad,Physik,1167.0,59.0,902.0,32.0,266.3719204420766,165.0,7.0,28049.0,17.0,0.4290465526615484,0.32037325074457834
2350fd2e-2be4-4270-a39c-c6c24dec620b,Lehrer,Physik,1078.0,214.0,902.0,32.0,253.17977802344325,127.20062892926276,7.0,28049.0,17.0,0.4077979044649168,0.2469798726474107
2350fd2e-2be4-4270-a39c-c6c24dec620b,Photosynthese,Laub,673.0,146.0,552.0,144.0,121.01652779682617,21.0,7.0,28049.0,17.0,0.19492191211494175,0.040774777367491785
2350fd2e-2be4-4270-a39c-c6c24dec620b,Fahrrad,Laub,1167.0,59.0,552.0,144.0,620.8461967347469,515.0242712727236,7.0,28049.0,17.0,1.0,1.0
2350fd2e-2be4-4270-a39c-c6c24dec620b,Lehrer,Laub,1078.0,214.0,552.0,144.0,530.6373526241815,426.0,7.0,28049.0,17.0,0.8547001743990604,0.8271454837405476
2350fd2e-2be4-4270-a39c-c6c24dec620b,Fahrrad,Photosynthese,1167.0,59.0,673.0,146.0,501.6024322110091,394.06217783491985,7.0,28049.0,17.0,0.8079334863435041,0.7651332176270388
2350fd2e-2be4-4270-a39c-c6c24dec620b,Lehrer,Photosynthese,1078.0,214.0,673.0,146.0,410.6689664437769,305.0,7.0,28049.0,17.0,0.6614665091026288,0.5922050998611902
2350fd2e-2be4-4270-a39c-c6c24dec620b,Lehrer,Fahrrad,1078.0,214.0,1167.0,59.0,178.73443988218946,75.0,7.0,28049.0,17.0,0.28788843488486854,0.14562420488389924
2350fd2e-2be4-4270-a39c-c6c24dec620b,Baum,Erde,625.0,419.0,626.0,580.0,161.00310556011024,81.0,8.0,12702.0,6.0,0.40046063553576583,0.2515527950310559
2350fd2e-2be4-4270-a39c-c6c24dec620b,Laub,Erde,740.0,418.0,626.0,580.0,198.09088823063013,83.18653737234169,8.0,12702.0,6.0,0.49270852707288726,0.2583432837650363
2350fd2e-2be4-4270-a39c-c6c24dec620b,Ast,Erde,507.0,418.0,626.0,580.0,201.00995000248122,84.17244204607586,8.0,12702.0,6.0,0.49996906610570246,0.2614050995219747
2350fd2e-2be4-4270-a39c-c6c24dec620b,Physik,Erde,632.0,178.0,626.0,580.0,402.0447736260229,322.0,8.0,12702.0,6.0,1.0,1.0
2350fd2e-2be4-4270-a39c-c6c24dec620b,Laub,Baum,740.0,418.0,625.0,419.0,115.00434774390054,15.0,8.0,12702.0,6.0,0.28604860773759533,0.046583850931677016
2350fd2e-2be4-4270-a39c-c6c24dec620b,Ast,Baum,507.0,418.0,625.0,419.0,118.00423721205946,18.0,8.0,12702.0,6.0,0.2935101883001358,0.055900621118012424
2350fd2e-2be4-4270-a39c-c6c24dec620b,Physik,Baum,632.0,178.0,625.0,419.0,241.1016383187804,161.0,8.0,12702.0,6.0,0.5996885275843684,0.5
2350fd2e-2be4-4270-a39c-c6c24dec620b,Ast,Laub,507.0,418.0,740.0,418.0,233.0,133.0,8.0,12702.0,6.0,0.5795374428041533,0.41304347826086957
2350fd2e-2be4-4270-a39c-c6c24dec620b,Physik,Laub,632.0,178.0,740.0,418.0,263.1805463935357,160.1998751560063,8.0,12702.0,6.0,0.6546050680373798,0.49751514023604443
2350fd2e-2be4-4270-a39c-c6c24dec620b,Physik,Ast,632.0,178.0,507.0,418.0,270.60118255469615,161.94134740701648,8.0,12702.0,6.0,0.6730623062554869,0.502923439152225
2350fd2e-2be4-4270-a39c-c6c24dec620b,Schule,Fahrrad,437.0,196.0,730.0,25.0,339.24917096435183,213.37759957408838,9.0,20052.0,15.0,0.6873803145328081,0.5485285336094817
2350fd2e-2be4-4270-a39c-c6c24dec620b,Photosynthese,Fahrrad,454.0,310.0,730.0,25.0,396.7379487772754,270.1869722988138,9.0,20052.0,15.0,0.8038629991118856,0.6945680521820407
2350fd2e-2be4-4270-a39c-c6c24dec620b,Ast,Fahrrad,495.0,459.0,730.0,25.0,493.53925882344964,378.8680509095482,9.0,20052.0,15.0,1.0,0.9739538583793013
2350fd2e-2be4-4270-a39c-c6c24dec620b,Erde,Fahrrad,926.0,243.0,730.0,25.0,293.1552489722809,168.1071087134628,9.0,20052.0,15.0,0.5939856733406274,0.4321519504202128
2350fd2e-2be4-4270-a39c-c6c24dec620b,Photosynthese,Schule,454.0,310.0,437.0,196.0,115.26057435220423,34.0,9.0,20052.0,15.0,0.23353881639927573,0.08740359897172237
2350fd2e-2be4-4270-a39c-c6c24dec620b,Ast,Schule,495.0,459.0,437.0,196.0,269.31951284673005,183.0,9.0,20052.0,15.0,0.5456901513544474,0.4704370179948586
2350fd2e-2be4-4270-a39c-c6c24dec620b,Erde,Schule,926.0,243.0,437.0,196.0,491.25349871527635,389.0,9.0,20052.0,15.0,0.9953686356914699,1.0
2350fd2e-2be4-4270-a39c-c6c24dec620b,Ast,Photosynthese,495.0,459.0,454.0,310.0,154.53802121160993,69.0,9.0,20052.0,15.0,0.31312204338113603,0.17737789203084833
2350fd2e-2be4-4270-a39c-c6c24dec620b,Erde,Photosynthese,926.0,243.0,454.0,310.0,476.7315806614871,372.0,9.0,20052.0,15.0,0.9659445973922511,0.9562982005141388
2350fd2e-2be4-4270-a39c-c6c24dec620b,Erde,Ast,926.0,243.0,495.0,459.0,482.0964633763662,357.8505274552491,9.0,20052.0,15.0,0.976814822240561,0.9199242351034681
2350fd2e-2be4-4270-a39c-c6c24dec620b,Laub,Fahrrad,920.0,173.0,288.0,178.0,632.019778171538,532.0,10.0,17066.0,11.0,0.9728805516461972,0.9950811223936882
2350fd2e-2be4-4270-a39c-c6c24dec620b,Infrastruktur,Fahrrad,293.0,343.0,288.0,178.0,165.07574019219177,85.0,10.0,17066.0,11.0,0.2541043535792567,0.15898852519448026
2350fd2e-2be4-4270-a39c-c6c24dec620b,Physik,Fahrrad,589.0,159.0,288.0,178.0,301.5990716166083,201.0,10.0,17066.0,11.0,0.4642574193156168,0.37596110075400624
2350fd2e-2be4-4270-a39c-c6c24dec620b,Baum,Fahrrad,922.0,259.0,288.0,178.0,639.153346232342,534.0009363287671,10.0,17066.0,11.0,0.9838613941291315,0.9988237802280263
2350fd2e-2be4-4270-a39c-c6c24dec620b,Infrastruktur,Laub,293.0,343.0,920.0,173.0,649.6375912768596,534.6297784448599,10.0,17066.0,11.0,1.0,1.0
2350fd2e-2be4-4270-a39c-c6c24dec620b,Physik,Laub,589.0,159.0,920.0,173.0,331.2959402105616,231.0,10.0,17066.0,11.0,0.5099703968167867,0.43207469788146985
2350fd2e-2be4-4270-a39c-c6c24dec620b,Baum,Laub,922.0,259.0,920.0,173.0,86.02325267042627,6.0,10.0,17066.0,11.0,0.13241729515890235,0.011222719425492723
2350fd2e-2be4-4270-a39c-c6c24dec620b,Physik,Infrastruktur,589.0,159.0,293.0,343.0,348.52833457267144,221.8828519737386,10.0,17066.0,11.0,0.536496562472071,0.4150214988382338
2350fd2e-2be4-4270-a39c-c6c24dec620b,Baum,Infrastruktur,922.0,259.0,293.0,343.0,634.5841157797759,529.0151226571883,10.0,17066.0,11.0,0.9768278872725081,0.9894980489040405
2350fd2e-2be4-4270-a39c-c6c24dec620b,Baum,Physik,922.0,259.0,589.0,159.0,347.6909547284772,233.8567937862828,10.0,17066.0,11.0,0.5352075671069039,0.437418197068127
81fe4f74-6c76-4f7b-bfce-0ea0c21151b3,Photosynthese,Fahrrad,841.0,99.0,213.0,67.0,628.8147580965319,528.0,0.0,30301.0,7.0,0.7559436943860381,0.7445509122838185
81fe4f74-6c76-4f7b-bfce-0ea0c21151b3,Physik,Fahrrad,977.0,396.0,213.0,67.0,831.8275061573763,709.1523108613551,0.0,30301.0,7.0,1.0,1.0
81fe4f74-6c76-4f7b-bfce-0ea0c21151b3,Ast,Fahrrad,272.0,586.0,213.0,67.0,522.3427993186084,438.99999999999994,0.0,30301.0,7.0,0.6279460530604101,0.6190489592662809
81fe4f74-6c76-4f7b-bfce-0ea0c21151b3,Schule,Fahrrad,528.0,158.0,213.0,67.0,327.88107600165034,215.2812114421507,0.0,30301.0,7.0,0.39416955267119697,0.3035754211682177
81fe4f74-6c76-4f7b-bfce-0ea0c21151b3,Physik,Photosynthese,977.0,396.0,841.0,99.0,326.6573127912492,219.9659064491586,0.0,30301.0,7.0,0.39269837841770977,0.3101814702993525
81fe4f74-6c76-4f7b-bfce-0ea0c21151b3,Ast,Photosynthese,272.0,586.0,841.0,99.0,748.9526019715801,620.9750397560275,0.0,30301.0,7.0,0.9003700844558068,0.8756582052193764
81fe4f74-6c76-4f7b-bfce-0ea0c21151b3,Schule,Photosynthese,528.0,158.0,841.0,99.0,318.5121661726597,213.0,0.0,30301.0,7.0,0.38290650863906306,0.3003586066599495
81fe4f74-6c76-4f7b-bfce-0ea0c21151b3,Ast,Physik,272.0,586.0,977.0,396.0,730.1540933255117,614.9186938124421,0.0,30301.0,7.0,0.8777710377701448,0.8671179440500528
81fe4f74-6c76-4f7b-bfce-0ea0c21151b3,Schule,Physik,528.0,158.0,977.0,396.0,508.17811837976654,383.09920386239384,0.0,30301.0,7.0,0.610917665763775,0.5402213290358899
81fe4f74-6c76-4f7b-bfce-0ea0c21151b3,Schule,Ast,528.0,158.0,272.0,586.0,498.7183573922259,381.3659659696969,0.0,30301.0,7.0,0.599545402983911,0.5377772308271543
81fe4f74-6c76-4f7b-bfce-0ea0c21151b3,Baum,Erde,628.0,209.0,468.0,291.0,179.78876494375282,60.03332407921454,1.0,42124.0,17.0,0.4088791387867461,0.19065789439521555
81fe4f74-6c76-4f7b-bfce-0ea0c21151b3,Photosynthese,Erde,814.0,236.0,468.0,291.0,350.34411654828745,246.0,1.0,42124.0,17.0,0.7967594676902232,0.7812634522675372
81fe4f74-6c76-4f7b-bfce-0ea0c21151b3,Lehrer,Erde,857.0,496.0,468.0,291.0,439.71126890267436,314.8745782053546,1.0,42124.0,17.0,1.0,1.0
81fe4f74-6c76-4f7b-bfce-0ea0c21151b3,Fahrrad,Erde,597.0,593.0,468.0,291.0,328.39762483915746,223.8861317723811,1.0,42124.0,17.0,0.7468483253992859,0.7110327326151026
81fe4f74-6c76-4f7b-bfce-0ea0c21151b3,Photosynthese,Baum,814.0,236.0,628.0,209.0,187.94946129212502,86.0,1.0,42124.0,17.0,0.42743835463021923,0.27312462152442357
81fe4f74-6c76-4f7b-bfce-0ea0c21151b3,Lehrer,Baum,857.0,496.0,628.0,209.0,367.16481312892716,243.90571949013415,1.0,42124.0,17.0,0.8350134260720877,0.7746122944579664
81fe4f74-6c76-4f7b-bfce-0ea0c21151b3,Fahrrad,Baum,597.0,593.0,628.0,209.0,385.24926995388324,304.0,1.0,42124.0,17.0,0.8761414528112862,0.965463778411916
81fe4f74-6c76-4f7b-bfce-0ea0c21151b3,Lehrer,Photosynthese,857.0,496.0,814.0,236.0,263.53178176455305,180.0,1.0,42124.0,17.0,0.599329151654931,0.5716561845860029
81fe4f74-6c76-4f7b-bfce-0ea0c21151b3,Fahrrad,Photosynthese,597.0,593.0,814.0,236.0,417.7774527185497,300.6958596322869,1.0,42124.0,17.0,0.9501176846368713,0.9549702657677857
81fe4f74-6c76-4f7b-bfce-0ea0c21151b3,Fahrrad,Lehrer,597.0,593.0,857.0,496.0,277.50495491071865,160.90059042775448,1.0,42124.0,17.0,0.6311072163405063,0.5109989867864737
81fe4f74-6c76-4f7b-bfce-0ea0c21151b3,Laub,Lehrer,480.0,304.0,733.0,492.0,315.2031091217217,187.27786842016332,2.0,33428.0,13.0,0.6868082978402313,0.5560733266692599
81fe4f74-6c76-4f7b-bfce-0ea0c21151b3,Schule,Lehrer,900.0,489.0,733.0,492.0,167.0269439342048,67.0,2.0,33428.0,13.0,0.36394149593431635,0.19893921903923775
81fe4f74-6c76-4f7b-bfce-0ea0c21151b3,Erde,Lehrer,611.0,237.0,733.0,492.0,282.68179990936807,176.3774361986249,2.0,33428.0,13.0,0.6159463539783546,0.523707304679066
81fe4f74-6c76-4f7b-bfce-0ea0c21151b3,Infrastruktur,Lehrer,845.0,263.0,733.0,492.0,254.9215565620138,149.4824404403407,2.0,33428.0,13.0,0.5554584814629083,0.44384955166090667
81fe4f74-6c76-4f7b-bfce-0ea0c21151b3,Schule,Laub,900.0,489.0,480.0,304.0,458.93899376714546,336.7862823809782,2.0,33428.0,13.0,1.0,1.0
81fe4f74-6c76-4f7b-bfce-0ea0c21151b3,Erde,Laub,611.0,237.0,480.0,304.0,147.13938969562162,31.0,2.0,33428.0,13.0,0.3206077315153495,0.09204650433158762
81fe4f74-6c76-4f7b-bfce-0ea0c21151b3,Infrastruktur,Laub,845.0,263.0,480.0,304.0,367.2955213448702,265.0,2.0,33428.0,13.0,0.8003144782489916,0.7868491499313135
81fe4f74-6c76-4f7b-bfce-0ea0c21151b3,Erde,Schule,611.0,237.0,900.0,489.0,383.43839140075687,255.54842985234717,2.0,33428.0,13.0,0.8354888048482196,0.7587851501720803
81fe4f74-6c76-4f7b-bfce-0ea0c21151b3,Infrastruktur,Schule,845.0,263.0,900.0,489.0,232.59621665022843,146.0,2.0,33428.0,13.0,0.5068129311501522,0.43350934298102556
81fe4f74-6c76-4f7b-bfce-0ea0c21151b3,Infrastruktur,Erde,845.0,263.0,611.0,237.0,235.44001359157284,134.0,2.0,33428.0,13.0,0.5130093907667157,0.3978784380784755
81fe4f74-6c76-4f7b-bfce-0ea0c21151b3,Ast,Laub,346.0,208.0,430.0,195.0,85.0,0.0,3.0,18230.0,8.0,0.14060808401241312,0.0
81fe4f74-6c76-4f7b-bfce-0ea0c21151b3,Fahrrad,Laub,713.0,374.0,430.0,195.0,334.858178935501,208.06249061279644,3.0,18230.0,8.0,0.5539266700706658,0.41282240200951675
81fe4f74-6c76-4f7b-bfce-0ea0c21151b3,Schule,Laub,950.0,233.0,430.0,195.0,521.3866127932323,420.0,3.0,18230.0,8.0,0.8624843841715096,0.8333333333333334
81fe4f74-6c76-4f7b-bfce-0ea0c21151b3,Physik,Laub,903.0,151.0,430.0,195.0,475.04210339716207,373.0,3.0,18230.0,8.0,0.78582070569296,0.7400793650793651
81fe4f74-6c76-4f7b-bfce-0ea0c21151b3,Fahrrad,Ast,713.0,374.0,346.0,208.0,402.7964746618322,280.5084668953862,3.0,18230.0,8.0,0.6663110652841734,0.5565644184432267
81fe4f74-6c76-4f7b-bfce-0ea0c21151b3,Schule,Ast,950.0,233.0,346.0,208.0,604.5171627009444,504.0,3.0,18230.0,8.0,1.0,1.0
81fe4f74-6c76-4f7b-bfce-0ea0c21151b3,Physik,Ast,903.0,151.0,346.0,208.0,559.9089211648624,457.0,3.0,18230.0,8.0,0.9262084779582184,0.9067460317460317
81fe4f74-6c76-4f7b-bfce-0ea0c21151b3,Schule,Fahrrad,950.0,233.0,713.0,374.0,275.77164466275354,149.96666296213968,3.0,18230.0,8.0,0.4561849715409622,0.2975529027026581
81fe4f74-6c76-4f7b-bfce-0ea0c21151b3,Physik,Fahrrad,903.0,151.0,713.0,374.0,292.965868319161,168.9644933114647,3.0,18230.0,8.0,0.48462787559282533,0.33524701053862044
81fe4f74-6c76-4f7b-bfce-0ea0c21151b3,Physik,Schule,903.0,151.0,950.0,233.0,94.51454914456292,2.0,3.0,18230.0,8.0,0.15634717254722413,0.003968253968253968
81fe4f74-6c76-4f7b-bfce-0ea0c21151b3,Ast,Fahrrad,810.0,339.0,1054.0,440.0,264.0776400985134,145.52319402761884,4.0,43019.0,15.0,0.8635615820450391,0.8181918763427349
81fe4f74-6c76-4f7b-bfce-0ea0c21151b3,Laub,Fahrrad,909.0,258.0,1054.0,440.0,232.69937687926884,111.48542505637228,4.0,43019.0,15.0,0.7609513700735596,0.6268173930708848
81fe4f74-6c76-4f7b-bfce-0ea0c21151b3,Erde,Fahrrad,909.0,338.0,1054.0,440.0,177.28226081590904,50.08991914547278,4.0,43019.0,15.0,0.579731587883004,0.2816263428337895
81fe4f74-6c76-4f7b-bfce-0ea0c21151b3,Baum,Fahrrad,809.0,257.0,1054.0,440.0,305.80058861944656,177.85949510779568,4.0,43019.0,15.0,1.0,1.0
81fe4f74-6c76-4f7b-bfce-0ea0c21151b3,Laub,Ast,909.0,258.0,810.0,339.0,127.91403363196706,1.0,4.0,43019.0,15.0,0.41829230679195856,0.005622415600549905
81fe4f74-6c76-4f7b-bfce-0ea0c21151b3,Erde,Ast,909.0,338.0,810.0,339.0,99.00505037623081,0.0,4.0,43019.0,15.0,0.3237568993022365,0.0
81fe4f74-6c76-4f7b-bfce-0ea0c21151b3,Baum,Ast,809.0,257.0,810.0,339.0,82.00609733428362,2.0,4.0,43019.0,15.0,0.268168539846521,0.01124483120109981
81fe4f74-6c76-4f7b-bfce-0ea0c21151b3,Erde,Laub,909.0,338.0,909.0,258.0,80.0,0.0,4.0,43019.0,15.0,0.2616083911452374,0.0
81fe4f74-6c76-4f7b-bfce-0ea0c21151b3,Baum,Laub,809.0,257.0,909.0,258.0,100.00499987500625,0.0,4.0,43019.0,15.0,0.3270268390472506,0.0
81fe4f74-6c76-4f7b-bfce-0ea0c21151b3,Baum,Erde,809.0,257.0,909.0,338.0,128.68954891520912,1.0,4.0,43019.0,15.0,0.4208283231114273,0.005622415600549905
81fe4f74-6c76-4f7b-bfce-0ea0c21151b3,Lehrer,Physik,570.0,244.0,637.0,185.0,89.27485648266257,0.0,5.0,34558.0,13.0,0.26941272371690256,0.0
81fe4f74-6c76-4f7b-bfce-0ea0c21151b3,Infrastruktur,Physik,590.0,439.0,637.0,185.0,258.3118270617898,174.0,5.0,34558.0,13.0,0.7795307171456652,0.8555250571511707
81fe4f74-6c76-4f7b-bfce-0ea0c21151b3,Baum,Physik,846.0,295.0,637.0,185.0,236.18001608942276,113.05308487608819,5.0,34558.0,13.0,0.7127415705732371,0.555860614366273
81fe4f74-6c76-4f7b-bfce-0ea0c21151b3,Laub,Physik,843.0,225.0,637.0,185.0,209.84756372185979,106.0,5.0,34558.0,13.0,0.6332757725423158,0.5211819313679545
81fe4f74-6c76-4f7b-bfce-0ea0c21151b3,Infrastruktur,Lehrer,590.0,439.0,570.0,244.0,196.02295783912658,114.99999999999999,5.0,34558.0,13.0,0.5915560221901752,0.5654332274274978
81fe4f74-6c76-4f7b-bfce-0ea0c21151b3,Baum,Lehrer,846.0,295.0,570.0,244.0,280.6724069088374,176.0,5.0,34558.0,13.0,0.8470102400240054,0.8653586784977358
81fe4f74-6c76-4f7b-bfce-0ea0c21151b3,Laub,Lehrer,843.0,225.0,570.0,244.0,273.6603734558586,173.0,5.0,34558.0,13.0,0.8258493991580452,0.850608246477888
81fe4f74-6c76-4f7b-bfce-0ea0c21151b3,Baum,Infrastruktur,846.0,295.0,590.0,439.0,293.7209560109731,168.61791126686393,5.0,34558.0,13.0,0.8863880143791267,0.8290623458235332
81fe4f74-6c76-4f7b-bfce-0ea0c21151b3,Laub,Infrastruktur,843.0,225.0,590.0,439.0,331.36837507523256,203.38387350033435,5.0,34558.0,13.0,1.0,1.0
81fe4f74-6c76-4f7b-bfce-0ea0c21151b3,Laub,Baum,843.0,225.0,846.0,295.0,70.06425622241343,0.0,5.0,34558.0,13.0,0.21143917613292554,0.0
81fe4f74-6c76-4f7b-bfce-0ea0c21151b3,Erde,Infrastruktur,950.0,260.0,641.0,617.0,472.15463568623363,347.0014409191985,6.0,24647.0,12.0,1.0,1.0
81fe4f74-6c76-4f7b-bfce-0ea0c21151b3,Physik,Infrastruktur,632.0,336.0,641.0,617.0,281.1440911703463,200.99999999999997,6.0,24647.0,12.0,0.5954491810966317,0.5792483151296312
81fe4f74-6c76-4f7b-bfce-0ea0c21151b3,Photosynthese,Infrastruktur,775.0,249.0,641.0,617.0,391.637587573001,290.0,6.0,24647.0,12.0,0.8294689027119082,0.8357313999382738
81fe4f74-6c76-4f7b-bfce-0ea0c21151b3,Ast,Infrastruktur,886.0,392.0,641.0,617.0,332.6409475695979,205.0609665440988,6.0,24647.0,12.0,0.7045169578524516,0.5909513401468801
81fe4f74-6c76-4f7b-bfce-0ea0c21151b3,Physik,Erde,632.0,336.0,950.0,260.0,326.9556544854363,218.0,6.0,24647.0,12.0,0.6924757902889932,0.6282394661604955
81fe4f74-6c76-4f7b-bfce-0ea0c21151b3,Photosynthese,Erde,775.0,249.0,950.0,260.0,175.34537347760278,75.0,6.0,24647.0,12.0,0.3713727669384296,0.21613743101851912
81fe4f74-6c76-4f7b-bfce-0ea0c21151b3,Ast,Erde,886.0,392.0,950.0,260.0,146.696966567138,52.0,6.0,24647.0,12.0,0.3106968681011198,0.14985528550617325
81fe4f74-6c76-4f7b-bfce-0ea0c21151b3,Photosynthese,Physik,775.0,249.0,632.0,336.0,167.38578195294843,43.56604182158393,6.0,24647.0,12.0,0.35451474856255194,0.12555003145283353
81fe4f74-6c76-4f7b-bfce-0ea0c21151b3,Ast,Physik,886.0,392.0,632.0,336.0,260.0999807766237,154.0,6.0,24647.0,12.0,0.5508788035059575,0.44380219169135926
81fe4f74-6c76-4f7b-bfce-0ea0c21151b3,Ast,Photosynthese,886.0,392.0,775.0,249.0,181.02486017119307,63.953107821277925,6.0,24647.0,12.0,0.38340163685587875,0.18430213906855164
81fe4f74-6c76-4f7b-bfce-0ea0c21151b3,Schule,Photosynthese,704.0,231.0,527.0,339.0,207.3475343475297,81.93289937503738,7.0,42684.0,12.0,0.4856540142890933,0.2552426771808018
81fe4f74-6c76-4f7b-bfce-0ea0c21151b3,Laub,Photosynthese,450.0,424.0,527.0,339.0,114.69088891450794,5.0,7.0,42684.0,12.0,0.268631555127913,0.01557632398753894
81fe4f74-6c76-4f7b-bfce-0ea0c21151b3,Erde,Photosynthese,605.0,468.0,527.0,339.0,150.74813431681335,49.0,7.0,42684.0,12.0,0.35308563860153785,0.1526479750778816
81fe4f74-6c76-4f7b-bfce-0ea0c21151b3,Infrastruktur,Photosynthese,871.0,353.0,527.0,339.0,344.28476585524373,244.0,7.0,42684.0,12.0,0.8063914486484065,0.7601246105919003
81fe4f74-6c76-4f7b-bfce-0ea0c21151b3,Laub,Schule,450.0,424.0,704.0,231.0,319.00626953086675,191.01047091717248,7.0,42684.0,12.0,0.7471835913967775,0.5950481960036526
81fe4f74-6c76-4f7b-bfce-0ea0c21151b3,Erde,Schule,605.0,468.0,704.0,231.0,256.8462575160479,157.0,7.0,42684.0,12.0,0.6015910264393505,0.48909657320872274
81fe4f74-6c76-4f7b-bfce-0ea0c21151b3,Infrastruktur,Schule,871.0,353.0,704.0,231.0,206.81634364817495,79.07591289387686,7.0,42684.0,12.0,0.4844098475990652,0.2463424077690868
81fe4f74-6c76-4f7b-bfce-0ea0c21151b3,Erde,Laub,605.0,468.0,450.0,424.0,161.1241757155021,55.0,7.0,42684.0,12.0,0.3773886339255961,0.17133956386292834
81fe4f74-6c76-4f7b-bfce-0ea0c21151b3,Infrastruktur,Laub,871.0,353.0,450.0,424.0,426.9449613240564,321.0,7.0,42684.0,12.0,1.0,1.0
81fe4f74-6c76-4f7b-bfce-0ea0c21151b3,Infrastruktur,Erde,871.0,353.0,605.0,468.0,289.79475495598604,169.64963896218583,7.0,42684.0,12.0,0.678763731178053,0.5285035481688032
81fe4f74-6c76-4f7b-bfce-0ea0c21151b3,Baum,Lehrer,220.0,310.0,687.0,512.0,508.81529065074295,386.74668712220404,8.0,38022.0,12.0,1.0,1.0
81fe4f74-6c76-4f7b-bfce-0ea0c21151b3,Fahrrad,Lehrer,623.0,325.0,687.0,512.0,197.6486782146544,107.0,8.0,38022.0,12.0,0.3884487786557556,0.27666688187089805
81fe4f74-6c76-4f7b-bfce-0ea0c21151b3,Physik,Lehrer,507.0,529.0,687.0,512.0,180.8009955724802,80.0,8.0,38022.0,12.0,0.3553371899284847,0.20685374345487706
81fe4f74-6c76-4f7b-bfce-0ea0c21151b3,Erde,Lehrer,422.0,205.0,687.0,512.0,405.55394215813016,280.6314308839977,8.0,38022.0,12.0,0.7970553354232968,0.7256207751181691
81fe4f74-6c76-4f7b-bfce-0ea0c21151b3,Fahrrad,Baum,623.0,325.0,220.0,310.0,403.2790597092787,303.0,8.0,38022.0,12.0,0.7925843957902877,0.7834585533353469
81fe4f74-6c76-4f7b-bfce-0ea0c21151b3,Physik,Baum,507.0,529.0,220.0,310.0,361.01246515875323,233.00214591286493,8.0,38022.0,12.0,0.7095157551123137,0.6024670764386949
81fe4f74-6c76-4f7b-bfce-0ea0c21151b3,Erde,Baum,422.0,205.0,220.0,310.0,227.65983396286663,105.01904589168576,8.0,38022.0,12.0,0.4474311958504705,0.2715447847094341
81fe4f74-6c76-4f7b-bfce-0ea0c21151b3,Physik,Fahrrad,507.0,529.0,623.0,325.0,234.67424230196207,125.02799686470227,8.0,38022.0,12.0,0.4612169614671532,0.32328136485160375
81fe4f74-6c76-4f7b-bfce-0ea0c21151b3,Erde,Fahrrad,422.0,205.0,623.0,325.0,234.09613409879285,108.63240768757728,8.0,38022.0,12.0,0.46008077665944064,0.2808877523836466
81fe4f74-6c76-4f7b-bfce-0ea0c21151b3,Erde,Physik,422.0,205.0,507.0,529.0,334.96417718914364,244.0,8.0,38022.0,12.0,0.6583217590822504,0.6309039175373751
81fe4f74-6c76-4f7b-bfce-0ea0c21151b3,Laub,Fahrrad,589.0,241.0,779.0,632.0,434.7194497604173,323.76071410842917,9.0,19068.0,12.0,0.951018407130575,0.8587817350356212
81fe4f74-6c76-4f7b-bfce-0ea0c21151b3,Lehrer,Fahrrad,579.0,698.0,779.0,632.0,210.6086417980041,100.0,9.0,19068.0,12.0,0.46074012828516653,0.26525198938992045
81fe4f74-6c76-4f7b-bfce-0ea0c21151b3,Erde,Fahrrad,647.0,323.0,779.0,632.0,336.0133925902359,231.22499864850255,9.0,19068.0,12.0,0.7350831014619196,0.6133289088819697
81fe4f74-6c76-4f7b-bfce-0ea0c21151b3,Schule,Fahrrad,492.0,667.0,779.0,632.0,289.1262699928874,187.0,9.0,19068.0,12.0,0.6325100128365059,0.4960212201591512
81fe4f74-6c76-4f7b-bfce-0ea0c21151b3,Lehrer,Laub,579.0,698.0,589.0,241.0,457.10939609682055,377.0,9.0,19068.0,12.0,1.0,1.0
81fe4f74-6c76-4f7b-bfce-0ea0c21151b3,Erde,Laub,647.0,323.0,589.0,241.0,100.43903623591775,2.0,9.0,19068.0,12.0,0.2197264748735196,0.005305039787798408
81fe4f74-6c76-4f7b-bfce-0ea0c21151b3,Schule,Laub,492.0,667.0,589.0,241.0,436.90387958909224,346.0,9.0,19068.0,12.0,0.9557971971692996,0.9177718832891246
81fe4f74-6c76-4f7b-bfce-0ea0c21151b3,Erde,Lehrer,647.0,323.0,579.0,698.0,381.1154680670938,295.0,9.0,19068.0,12.0,0.8337511136751378,0.7824933687002652
81fe4f74-6c76-4f7b-bfce-0ea0c21151b3,Schule,Lehrer,492.0,667.0,579.0,698.0,92.35799911215054,0.0,9.0,19068.0,12.0,0.20204791216452736,0.0
81fe4f74-6c76-4f7b-bfce-0ea0c21151b3,Schule,Erde,492.0,667.0,647.0,323.0,377.30756684699554,269.6683147868878,9.0,19068.0,12.0,0.8254207200043594,0.7153005697264928
81fe4f74-6c76-4f7b-bfce-0ea0c21151b3,Photosynthese,Infrastruktur,837.0,274.0,842.0,506.0,232.0538730553748,152.0,10.0,14277.0,7.0,0.7647763808001626,0.7004608294930875
81fe4f74-6c76-4f7b-bfce-0ea0c21151b3,Physik,Infrastruktur,1035.0,392.0,842.0,506.0,224.1539649437413,99.02019995940222,10.0,14277.0,7.0,0.7387407751249787,0.45631428552719916
81fe4f74-6c76-4f7b-bfce-0ea0c21151b3,Laub,Infrastruktur,753.0,280.0,842.0,506.0,242.89298054904756,146.0,10.0,14277.0,7.0,0.8004986606784082,0.6728110599078341
81fe4f74-6c76-4f7b-bfce-0ea0c21151b3,Baum,Infrastruktur,801.0,209.0,842.0,506.0,299.81661061388843,217.0,10.0,14277.0,7.0,0.9881009928860154,1.0
81fe4f74-6c76-4f7b-bfce-0ea0c21151b3,Physik,Photosynthese,1035.0,392.0,837.0,274.0,230.4951192541829,105.1094667477673,10.0,14277.0,7.0,0.7596392198687889,0.48437542280077095
81fe4f74-6c76-4f7b-bfce-0ea0c21151b3,Laub,Photosynthese,753.0,280.0,837.0,274.0,84.2140130857092,0.0,10.0,14277.0,7.0,0.27754282784574485,0.0
81fe4f74-6c76-4f7b-bfce-0ea0c21151b3,Baum,Photosynthese,801.0,209.0,837.0,274.0,74.30343195303969,0.0,10.0,14277.0,7.0,0.24488067801616326,0.0
81fe4f74-6c76-4f7b-bfce-0ea0c21151b3,Laub,Physik,753.0,280.0,1035.0,392.0,303.42709173704316,184.79177470872452,10.0,14277.0,7.0,1.0,0.8515749986577167
81fe4f74-6c76-4f7b-bfce-0ea0c21151b3,Baum,Physik,801.0,209.0,1035.0,392.0,297.0605998782067,169.01183390520322,10.0,14277.0,7.0,0.9790180506875971,0.7788563774433328
81fe4f74-6c76-4f7b-bfce-0ea0c21151b3,Baum,Laub,801.0,209.0,753.0,280.0,85.70297544426332,0.0,10.0,14277.0,7.0,0.28244997819290135,0.0
6a9d3a16-98f4-498c-aae4-6d7375267892,Fahrrad,Infrastruktur,499.0,63.0,425.0,34.0,79.47955712005447,0.0,0.0,18813.0,6.0,0.19719000011528295,0.0
6a9d3a16-98f4-498c-aae4-6d7375267892,Erde,Infrastruktur,309.0,334.0,425.0,34.0,321.645767887594,220.5810508633958,0.0,18813.0,6.0,0.7980080828964673,0.7991962146519671
6a9d3a16-98f4-498c-aae4-6d7375267892,Photosynthese,Infrastruktur,381.0,336.0,425.0,34.0,305.1884663613617,222.00000000000003,0.0,18813.0,6.0,0.757177265420307,0.8043372672234324
6a9d3a16-98f4-498c-aae4-6d7375267892,Physik,Infrastruktur,596.0,51.0,425.0,34.0,171.8429515575195,71.0,0.0,18813.0,6.0,0.4263449982019051,0.2572429998777644
6a9d3a16-98f4-498c-aae4-6d7375267892,Erde,Fahrrad,309.0,334.0,499.0,63.0,330.96978714076005,211.14213222377006,0.0,18813.0,6.0,0.8211411176569591,0.7649976830116928
6a9d3a16-98f4-498c-aae4-6d7375267892,Photosynthese,Fahrrad,381.0,336.0,499.0,63.0,297.4104907362886,193.83756085960223,0.0,18813.0,6.0,0.7378799886112767,0.7023007837255324
6a9d3a16-98f4-498c-aae4-6d7375267892,Physik,Fahrrad,596.0,51.0,499.0,63.0,97.73944955850733,0.0,0.0,18813.0,6.0,0.2424930732892406,0.0
6a9d3a16-98f4-498c-aae4-6d7375267892,Photosynthese,Erde,381.0,336.0,309.0,334.0,72.02777242147643,0.0,0.0,18813.0,6.0,0.17870200799735883,0.0
6a9d3a16-98f4-498c-aae4-6d7375267892,Physik,Erde,596.0,51.0,309.0,334.0,403.0607894598531,276.0036231646244,0.0,18813.0,6.0,1.0,1.0
6a9d3a16-98f4-498c-aae4-6d7375267892,Physik,Photosynthese,596.0,51.0,381.0,336.0,357.0014005574768,235.05318547086316,0.0,18813.0,6.0,0.8857259497652921,0.8516307966387237
6a9d3a16-98f4-498c-aae4-6d7375267892,Laub,Physik,528.0,44.0,271.0,292.0,357.1456285606755,229.94129685639334,1.0,21190.0,6.0,0.740806617570109,0.6019405676868935
6a9d3a16-98f4-498c-aae4-6d7375267892,Photosynthese,Physik,627.0,48.0,271.0,292.0,431.59240030380516,304.0263146505578,1.0,21190.0,6.0,0.8952272705298087,0.7958804048443922
6a9d3a16-98f4-498c-aae4-6d7375267892,Lehrer,Physik,323.0,360.0,271.0,292.0,85.60373823613078,0.0,1.0,21190.0,6.0,0.17756290628457555,0.0
6a9d3a16-98f4-498c-aae4-6d7375267892,Ast,Physik,753.0,302.0,271.0,292.0,482.1037232795449,382.0,1.0,21190.0,6.0,1.0,1.0
6a9d3a16-98f4-498c-aae4-6d7375267892,Photosynthese,Laub,627.0,48.0,528.0,44.0,99.08077512817509,0.0,1.0,21190.0,6.0,0.2055175480790131,0.0
6a9d3a16-98f4-498c-aae4-6d7375267892,Lehrer,Laub,323.0,360.0,528.0,44.0,376.670943928517,258.30408436569485,1.0,21190.0,6.0,0.7813068552264771,0.676188702527997
6a9d3a16-98f4-498c-aae4-6d7375267892,Ast,Laub,753.0,302.0,528.0,44.0,342.32878932394806,217.50632174720806,1.0,21190.0,6.0,0.7100729009003127,0.569388276825152
6a9d3a16-98f4-498c-aae4-6d7375267892,Lehrer,Photosynthese,323.0,360.0,627.0,48.0,435.6145084819834,308.93364983439403,1.0,21190.0,6.0,0.9035700979836553,0.8087268320272095
6a9d3a16-98f4-498c-aae4-6d7375267892,Ast,Photosynthese,753.0,302.0,627.0,48.0,283.53483031190365,175.93180496999398,1.0,21190.0,6.0,0.5881199763053846,0.46055446327223554
6a9d3a16-98f4-498c-aae4-6d7375267892,Ast,Lehrer,753.0,302.0,323.0,360.0,433.8939962709786,330.0,1.0,21190.0,6.0,0.9000013385488579,0.8638743455497382
6a9d3a16-98f4-498c-aae4-6d7375267892,Schule,Photosynthese,393.0,154.0,581.0,32.0,224.11604137142882,97.50897394599124,2.0,17546.0,5.0,0.5508615456917739,0.33820604803475846
6a9d3a16-98f4-498c-aae4-6d7375267892,Baum,Photosynthese,680.0,22.0,581.0,32.0,99.50376877284599,0.0,2.0,17546.0,5.0,0.24457330021069412,0.0
6a9d3a16-98f4-498c-aae4-6d7375267892,Erde,Photosynthese,603.0,346.0,581.0,32.0,314.7697571241558,234.0,2.0,17546.0,5.0,0.7736820349198873,0.8116198134129485
6a9d3a16-98f4-498c-aae4-6d7375267892,Laub,Photosynthese,775.0,14.0,581.0,32.0,194.83326204732086,94.0,2.0,17546.0,5.0,0.47888652336887094,0.3260353096616118
6a9d3a16-98f4-498c-aae4-6d7375267892,Baum,Schule,680.0,22.0,393.0,154.0,315.90030072793536,194.09533739891847,2.0,17546.0,5.0,0.7764608319807271,0.673212057795015
6a9d3a16-98f4-498c-aae4-6d7375267892,Erde,Schule,603.0,346.0,393.0,154.0,284.541736833105,156.98407562552325,2.0,17546.0,5.0,0.6993836764497143,0.5444931032820145
6a9d3a16-98f4-498c-aae4-6d7375267892,Laub,Schule,775.0,14.0,393.0,154.0,406.8464083656141,288.3123306416151,2.0,17546.0,5.0,1.0,1.0
6a9d3a16-98f4-498c-aae4-6d7375267892,Erde,Baum,603.0,346.0,680.0,22.0,333.02402315748935,244.0,2.0,17546.0,5.0,0.8185497433670744,0.8463044208237583
6a9d3a16-98f4-498c-aae4-6d7375267892,Laub,Baum,775.0,14.0,680.0,22.0,95.33624704172071,0.0,2.0,17546.0,5.0,0.23432982344542766,0.0
6a9d3a16-98f4-498c-aae4-6d7375267892,Laub,Erde,775.0,14.0,603.0,346.0,373.9090798576574,262.08395601409865,2.0,17546.0,5.0,0.9190423515343966,0.9090279123020947
6a9d3a16-98f4-498c-aae4-6d7375267892,Lehrer,Infrastruktur,392.0,325.0,149.0,244.0,256.1444904736387,143.0034964607509,3.0,17300.0,5.0,0.5925683723333124,0.46036839709367006
6a9d3a16-98f4-498c-aae4-6d7375267892,Photosynthese,Infrastruktur,384.0,42.0,149.0,244.0,309.88546271162835,181.95878654244757,3.0,17300.0,5.0,0.7168935154889978,0.585776410863122
6a9d3a16-98f4-498c-aae4-6d7375267892,Laub,Infrastruktur,464.0,58.0,149.0,244.0,365.8155272811694,239.71024175032656,3.0,17300.0,5.0,0.8462829365348543,0.7716945563762652
6a9d3a16-98f4-498c-aae4-6d7375267892,Ast,Infrastruktur,546.0,73.0,149.0,244.0,432.26149493101974,310.6283953536766,3.0,17300.0,5.0,1.0,1.0
6a9d3a16-98f4-498c-aae4-6d7375267892,Photosynthese,Lehrer,384.0,42.0,392.0,325.0,283.1130516242584,202.99999999999997,3.0,17300.0,5.0,0.6549578321090976,0.6535139833847687
6a9d3a16-98f4-498c-aae4-6d7375267892,Laub,Lehrer,464.0,58.0,392.0,325.0,276.5375200583096,187.0,3.0,17300.0,5.0,0.6397459021938547,0.6020054920835063
6a9d3a16-98f4-498c-aae4-6d7375267892,Ast,Lehrer,546.0,73.0,392.0,325.0,295.3303235362058,180.27756377319946,3.0,17300.0,5.0,0.6832214458133371,0.5803640828390407
6a9d3a16-98f4-498c-aae4-6d7375267892,Laub,Photosynthese,464.0,58.0,384.0,42.0,81.58431221748455,0.0,3.0,17300.0,5.0,0.1887383289379124,0.0
6a9d3a16-98f4-498c-aae4-6d7375267892,Ast,Photosynthese,546.0,73.0,384.0,42.0,164.93938280471406,62.0,3.0,17300.0,5.0,0.3815731559227478,0.19959540379239246
6a9d3a16-98f4-498c-aae4-6d7375267892,Ast,Laub,546.0,73.0,464.0,58.0,83.3606621854697,0.0,3.0,17300.0,5.0,0.192847762669151,0.0
6a9d3a16-98f4-498c-aae4-6d7375267892,Physik,Fahrrad,423.0,269.0,193.0,113.0,277.91365565585295,150.58552387264854,4.0,18339.0,5.0,0.6220359371034266,0.4390248509406663
6a9d3a16-98f4-498c-aae4-6d7375267892,Photosynthese,Fahrrad,550.0,51.0,193.0,113.0,362.3437594329451,257.0,4.0,18339.0,5.0,0.8110103097328812,0.749271137026239
6a9d3a16-98f4-498c-aae4-6d7375267892,Erde,Fahrrad,482.0,308.0,193.0,113.0,348.63447907514825,221.23742902140225,4.0,18339.0,5.0,0.7803257252195683,0.6450070816950503
6a9d3a16-98f4-498c-aae4-6d7375267892,Baum,Fahrrad,636.0,55.0,193.0,113.0,446.7807068350199,343.0,4.0,18339.0,5.0,1.0,1.0
6a9d3a16-98f4-498c-aae4-6d7375267892,Photosynthese,Physik,550.0,51.0,423.0,269.0,252.29546171106605,140.61649974309557,4.0,18339.0,5.0,0.5646964111282221,0.4099606406504244
6a9d3a16-98f4-498c-aae4-6d7375267892,Erde,Physik,482.0,308.0,423.0,269.0,70.7248188403477,0.0,4.0,18339.0,5.0,0.15829873080545495,0.0
6a9d3a16-98f4-498c-aae4-6d7375267892,Baum,Physik,636.0,55.0,423.0,269.0,301.93542355940946,175.28548142958104,4.0,18339.0,5.0,0.6758022872077675,0.5110363890075249
6a9d3a16-98f4-498c-aae4-6d7375267892,Erde,Photosynthese,482.0,308.0,550.0,51.0,265.84393918237066,177.0,4.0,18339.0,5.0,0.5950210810703993,0.5160349854227405
6a9d3a16-98f4-498c-aae4-6d7375267892,Baum,Photosynthese,636.0,55.0,550.0,51.0,86.09297300012354,0.0,4.0,18339.0,5.0,0.192696263923309,0.0
6a9d3a16-98f4-498c-aae4-6d7375267892,Baum,Erde,636.0,55.0,482.0,308.0,296.1840643923977,181.23189564753773,4.0,18339.0,5.0,0.6629293965949338,0.5283728736079817
6a9d3a16-98f4-498c-aae4-6d7375267892,Ast,Physik,442.0,39.0,643.0,212.0,265.1980392084376,137.2953021774598,5.0,41142.0,6.0,0.7215077940433549,0.5596017646180341
6a9d3a16-98f4-498c-aae4-6d7375267892,Fahrrad,Physik,298.0,305.0,643.0,212.0,357.3149870912218,245.34465553584002,5.0,41142.0,6.0,0.9721246389464816,1.0
6a9d3a16-98f4-498c-aae4-6d7375267892,Laub,Physik,358.0,35.0,643.0,212.0,335.49068541466244,208.88752954640447,5.0,41142.0,6.0,0.9127486201561811,0.8514044420090908
6a9d3a16-98f4-498c-aae4-6d7375267892,Lehrer,Physik,632.0,280.0,643.0,212.0,68.8839603971781,0.0,5.0,41142.0,6.0,0.18740830233693717,0.0
6a9d3a16-98f4-498c-aae4-6d7375267892,Fahrrad,Ast,298.0,305.0,442.0,39.0,302.47644536393244,191.1334612253961,5.0,41142.0,6.0,0.822928832716885,0.7790406553097925
6a9d3a16-98f4-498c-aae4-6d7375267892,Laub,Ast,358.0,35.0,442.0,39.0,84.09518416651456,0.0,5.0,41142.0,6.0,0.22879253179531475,0.0
6a9d3a16-98f4-498c-aae4-6d7375267892,Lehrer,Ast,632.0,280.0,442.0,39.0,306.8892308309303,184.44782460088814,5.0,41142.0,6.0,0.8349344233969042,0.7517906766627894
6a9d3a16-98f4-498c-aae4-6d7375267892,Laub,Fahrrad,358.0,35.0,298.0,305.0,276.5863337187866,190.0,5.0,41142.0,6.0,0.752491217882397,0.774420782001688
6a9d3a16-98f4-498c-aae4-6d7375267892,Lehrer,Fahrrad,632.0,280.0,298.0,305.0,334.93432191998477,234.0,5.0,41142.0,6.0,0.9112349566354051,0.9537603315178684
6a9d3a16-98f4-498c-aae4-6d7375267892,Lehrer,Laub,632.0,280.0,358.0,35.0,367.56087931116934,239.7936613007108,5.0,41142.0,6.0,1.0,0.977374708966023
6a9d3a16-98f4-498c-aae4-6d7375267892,Ast,Schule,507.0,72.0,351.0,415.0,376.80897016923575,268.895890634275,6.0,15565.0,5.0,0.7380512780920643,0.6949884974131855
6a9d3a16-98f4-498c-aae4-6d7375267892,Lehrer,Schule,396.0,478.0,351.0,415.0,77.42092740338364,0.0,6.0,15565.0,5.0,0.15164345582186306,0.0
6a9d3a16-98f4-498c-aae4-6d7375267892,Baum,Schule,613.0,76.0,351.0,415.0,428.4448622635123,305.49140740780257,6.0,15565.0,5.0,0.8391898898891466,0.789573294356345
6a9d3a16-98f4-498c-aae4-6d7375267892,Laub,Schule,712.0,77.0,351.0,415.0,494.53513525330027,366.9945503682582,6.0,15565.0,5.0,0.9686401267761794,0.9485343584746935
6a9d3a16-98f4-498c-aae4-6d7375267892,Lehrer,Ast,396.0,478.0,507.0,72.0,420.9002257067582,326.18553002854065,6.0,15565.0,5.0,0.824412299400917,0.8430593374176433
6a9d3a16-98f4-498c-aae4-6d7375267892,Baum,Ast,613.0,76.0,507.0,72.0,106.07544484940895,6.0,6.0,15565.0,5.0,0.20776872060696605,0.015507603982504259
6a9d3a16-98f4-498c-aae4-6d7375267892,Laub,Ast,712.0,77.0,507.0,72.0,205.0609665440988,105.0,6.0,15565.0,5.0,0.40165049249409457,0.27138306969382453
6a9d3a16-98f4-498c-aae4-6d7375267892,Baum,Lehrer,613.0,76.0,396.0,478.0,456.8292897790158,342.5974313972596,6.0,15565.0,5.0,0.8947861327182918,0.8854775485886454
6a9d3a16-98f4-498c-aae4-6d7375267892,Laub,Lehrer,712.0,77.0,396.0,478.0,510.54578638942854,386.90696556149,6.0,15565.0,5.0,1.0,1.0
6a9d3a16-98f4-498c-aae4-6d7375267892,Laub,Baum,712.0,77.0,613.0,76.0,99.00505037623081,0.0,6.0,15565.0,5.0,0.19392002248494286,0.0
6a9d3a16-98f4-498c-aae4-6d7375267892,Erde,Fahrrad,311.0,171.0,55.0,40.0,287.5708608325955,164.12495239907915,7.0,18242.0,5.0,0.45071089888679117,0.30506496728453375
6a9d3a16-98f4-498c-aae4-6d7375267892,Lehrer,Fahrrad,396.0,366.0,55.0,40.0,471.7594726128984,344.379151517626,7.0,18242.0,5.0,0.739390407442899,0.6401099470587843
6a9d3a16-98f4-498c-aae4-6d7375267892,Laub,Fahrrad,613.0,50.0,55.0,40.0,558.0895985413094,458.0,7.0,18242.0,5.0,0.8746959406445218,0.8513011152416357
6a9d3a16-98f4-498c-aae4-6d7375267892,Ast,Fahrrad,693.0,47.0,55.0,40.0,638.0384000983013,538.0,7.0,18242.0,5.0,1.0,1.0
6a9d3a16-98f4-498c-aae4-6d7375267892,Lehrer,Erde,396.0,366.0,311.0,171.0,212.72047386182646,114.99999999999999,7.0,18242.0,5.0,0.33339760401419893,0.21375464684014867
6a9d3a16-98f4-498c-aae4-6d7375267892,Laub,Erde,613.0,50.0,311.0,171.0,325.33828548143543,206.11889772653063,7.0,18242.0,5.0,0.5099039265212113,0.38312062774448075
6a9d3a16-98f4-498c-aae4-6d7375267892,Ast,Erde,693.0,47.0,311.0,171.0,401.62171256046406,285.41198292993937,7.0,18242.0,5.0,0.6294632305807722,0.5305055444794412
6a9d3a16-98f4-498c-aae4-6d7375267892,Laub,Lehrer,613.0,50.0,396.0,366.0,383.3340579703296,263.41032629720496,7.0,18242.0,5.0,0.6008009203071007,0.48961027192789025
6a9d3a16-98f4-498c-aae4-6d7375267892,Ast,Lehrer,693.0,47.0,396.0,366.0,435.85548063549686,309.7256850827842,7.0,18242.0,5.0,0.683117944889125,0.5756982994103795
6a9d3a16-98f4-498c-aae4-6d7375267892,Ast,Laub,693.0,47.0,613.0,50.0,80.05623023850174,0.0,7.0,18242.0,5.0,0.12547243273471884,0.0
6a9d3a16-98f4-498c-aae4-6d7375267892,Ast,Fahrrad,477.0,84.0,802.0,266.0,372.4902683292545,247.04048251248216,8.0,16490.0,5.0,0.7309831850197088,0.6220768196765064
6a9d3a16-98f4-498c-aae4-6d7375267892,Lehrer,Fahrrad,795.0,328.0,802.0,266.0,62.39390995922599,0.0,8.0,16490.0,5.0,0.12244319625422527,0.0
6a9d3a16-98f4-498c-aae4-6d7375267892,Erde,Fahrrad,307.0,387.0,802.0,266.0,509.5743321636207,397.12214745591814,8.0,16490.0,5.0,1.0,1.0
6a9d3a16-98f4-498c-aae4-6d7375267892,Baum,Fahrrad,556.0,87.0,802.0,266.0,304.2318195061128,176.40011337864837,8.0,16490.0,5.0,0.5970312872988786,0.44419611071485093
6a9d3a16-98f4-498c-aae4-6d7375267892,Lehrer,Ast,795.0,328.0,477.0,84.0,400.8241509689754,272.80029325497435,8.0,16490.0,5.0,0.7865862263256101,0.6869430350400089
6a9d3a16-98f4-498c-aae4-6d7375267892,Erde,Ast,307.0,387.0,477.0,84.0,347.4320077367657,233.72847494475295,8.0,16490.0,5.0,0.6818082972538887,0.588555628141333
6a9d3a16-98f4-498c-aae4-6d7375267892,Baum,Ast,556.0,87.0,477.0,84.0,79.05694150420949,0.0,8.0,16490.0,5.0,0.1551430998663898,0.0
6a9d3a16-98f4-498c-aae4-6d7375267892,Erde,Lehrer,307.0,387.0,795.0,328.0,491.553659329274,388.0,8.0,16490.0,5.0,0.964635830933964,0.9770293661173085
6a9d3a16-98f4-498c-aae4-6d7375267892,Baum,Lehrer,556.0,87.0,795.0,328.0,339.4142012350102,212.7016690108472,8.0,16490.0,5.0,0.6660739754961337,0.5356076722828907
6a9d3a16-98f4-498c-aae4-6d7375267892,Baum,Erde,556.0,87.0,307.0,387.0,389.8730562631893,265.7084868798887,8.0,16490.0,5.0,0.7650955545735845,0.6690850373923888
6a9d3a16-98f4-498c-aae4-6d7375267892,Schule,Infrastruktur,300.0,57.0,219.0,47.0,81.61494961096282,0.0,9.0,22067.0,6.0,0.22896299183307242,0.0
6a9d3a16-98f4-498c-aae4-6d7375267892,Photosynthese,Infrastruktur,381.0,310.0,219.0,47.0,308.8899480397509,193.2174940319846,9.0,22067.0,6.0,0.86656142027249,0.8313217730884708
6a9d3a16-98f4-498c-aae4-6d7375267892,Ast,Infrastruktur,447.0,321.0,219.0,47.0,356.4547657136877,232.42202993692314,9.0,22067.0,6.0,1.0,1.0
6a9d3a16-98f4-498c-aae4-6d7375267892,Fahrrad,Infrastruktur,386.0,45.0,219.0,47.0,167.01197561851666,67.0,9.0,22067.0,6.0,0.46853623989043347,0.2882687153975167
6a9d3a16-98f4-498c-aae4-6d7375267892,Photosynthese,Schule,381.0,310.0,300.0,57.0,265.6501458685841,173.0,9.0,22067.0,6.0,0.7452562608798451,0.7443356382652296
6a9d3a16-98f4-498c-aae4-6d7375267892,Ast,Schule,447.0,321.0,300.0,57.0,302.1671722738921,189.90787240133042,9.0,22067.0,6.0,0.8477013111857211,0.8170820659851796
6a9d3a16-98f4-498c-aae4-6d7375267892,Fahrrad,Schule,386.0,45.0,300.0,57.0,86.83317338436964,0.0,9.0,22067.0,6.0,0.24360222316151034,0.0
6a9d3a16-98f4-498c-aae4-6d7375267892,Ast,Photosynthese,447.0,321.0,381.0,310.0,66.91038783328041,0.0,9.0,22067.0,6.0,0.18771073995690185,0.0
6a9d3a16-98f4-498c-aae4-6d7375267892,Fahrrad,Photosynthese,386.0,45.0,381.0,310.0,265.04716561397146,185.0,9.0,22067.0,6.0,0.7435646570282165,0.795965855948367
6a9d3a16-98f4-498c-aae4-6d7375267892,Fahrrad,Ast,386.0,45.0,447.0,321.0,282.66057383370605,196.0,9.0,22067.0,6.0,0.7929774014039841,0.8432935554912429
6a9d3a16-98f4-498c-aae4-6d7375267892,Lehrer,Physik,474.0,320.0,491.0,246.0,75.92759709091287,0.0,10.0,16154.0,5.0,0.16480162277426463,0.0
6a9d3a16-98f4-498c-aae4-6d7375267892,Infrastruktur,Physik,197.0,335.0,491.0,246.0,307.17584540455,194.20865068271289,10.0,16154.0,5.0,0.6667283008984506,0.5838017451997363
6a9d3a16-98f4-498c-aae4-6d7375267892,Schule,Physik,508.0,382.0,491.0,246.0,137.05838172107534,56.00000000000001,10.0,16154.0,5.0,0.2974866134035885,0.1683390395652202
6a9d3a16-98f4-498c-aae4-6d7375267892,Baum,Physik,555.0,45.0,491.0,246.0,210.94312029549576,121.0,10.0,16154.0,5.0,0.4578541909622108,0.36373256763199363
6a9d3a16-98f4-498c-aae4-6d7375267892,Infrastruktur,Lehrer,197.0,335.0,474.0,320.0,277.4058398808504,177.0,10.0,16154.0,5.0,0.6021122007151395,0.5320716071972138
6a9d3a16-98f4-498c-aae4-6d7375267892,Schule,Lehrer,508.0,382.0,474.0,320.0,70.71067811865476,0.0,10.0,16154.0,5.0,0.15347824701300428,0.0
6a9d3a16-98f4-498c-aae4-6d7375267892,Baum,Lehrer,555.0,45.0,474.0,320.0,286.6810073932349,195.0,10.0,16154.0,5.0,0.6222440462641808,0.5861805842003203
6a9d3a16-98f4-498c-aae4-6d7375267892,Schule,Infrastruktur,508.0,382.0,197.0,335.0,314.5313974788527,211.0,10.0,16154.0,5.0,0.6826936015887154,0.6342774526475261
6a9d3a16-98f4-498c-aae4-6d7375267892,Baum,Infrastruktur,555.0,45.0,197.0,335.0,460.7211738134031,332.66199061509866,10.0,16154.0,5.0,1.0,1.0
6a9d3a16-98f4-498c-aae4-6d7375267892,Baum,Schule,555.0,45.0,508.0,382.0,340.26166401756166,257.0,10.0,16154.0,5.0,0.7385414071621792,0.7725559494332427
7720a94f-bd0b-43f5-b9bf-4c2c6cbc5049,Physik,Fahrrad,699.0,9.0,583.0,5.0,116.06894502837527,16.0,0.0,34799.0,9.0,0.308457365741856,0.062132759841977137
7720a94f-bd0b-43f5-b9bf-4c2c6cbc5049,Infrastruktur,Fahrrad,560.0,97.0,583.0,5.0,94.83142938920619,12.0,0.0,34799.0,9.0,0.2520179096293009,0.04659956988148285
7720a94f-bd0b-43f5-b9bf-4c2c6cbc5049,Erde,Fahrrad,635.0,228.0,583.0,5.0,228.98253208487324,143.0,0.0,34799.0,9.0,0.6085292550090193,0.5553115410876707
7720a94f-bd0b-43f5-b9bf-4c2c6cbc5049,Ast,Fahrrad,347.0,142.0,583.0,5.0,272.88275870783775,147.46185947559457,0.0,34799.0,9.0,0.7251956747501455,0.572638268790531
7720a94f-bd0b-43f5-b9bf-4c2c6cbc5049,Infrastruktur,Physik,560.0,97.0,699.0,9.0,164.51443705644803,39.81205847478876,0.0,34799.0,9.0,0.437202990589176,0.15460206675180005
7720a94f-bd0b-43f5-b9bf-4c2c6cbc5049,Erde,Physik,635.0,228.0,699.0,9.0,228.16003155680005,139.0,0.0,34799.0,9.0,0.606343430487665,0.5397783511271763
7720a94f-bd0b-43f5-b9bf-4c2c6cbc5049,Ast,Physik,347.0,142.0,699.0,9.0,376.2884531845217,257.51310646256434,0.0,34799.0,9.0,1.0,1.0
7720a94f-bd0b-43f5-b9bf-4c2c6cbc5049,Erde,Infrastruktur,635.0,228.0,560.0,97.0,150.95032295427526,51.0,0.0,34799.0,9.0,0.40115587304575967,0.19804817199630212
7720a94f-bd0b-43f5-b9bf-4c2c6cbc5049,Ast,Infrastruktur,347.0,142.0,560.0,97.0,217.70163067832084,113.0,0.0,34799.0,9.0,0.57854985672804,0.4388126163839635
7720a94f-bd0b-43f5-b9bf-4c2c6cbc5049,Ast,Erde,347.0,142.0,635.0,228.0,300.5661324900063,188.09572031282372,0.0,34799.0,9.0,0.798765229031933,0.7304316385937735
7720a94f-bd0b-43f5-b9bf-4c2c6cbc5049,Lehrer,Physik,46.0,294.0,65.0,228.0,68.6804193347711,0.0,1.0,23197.0,8.0,0.11501482920078024,0.0
7720a94f-bd0b-43f5-b9bf-4c2c6cbc5049,Infrastruktur,Physik,605.0,84.0,65.0,228.0,558.8702890653609,444.6301834108881,1.0,23197.0,8.0,0.9359053346621125,0.932032250978412
7720a94f-bd0b-43f5-b9bf-4c2c6cbc5049,Baum,Physik,380.0,265.0,65.0,228.0,317.1655719021218,215.0,1.0,23197.0,8.0,0.5311374687868583,0.4506822555840268
7720a94f-bd0b-43f5-b9bf-4c2c6cbc5049,Laub,Physik,384.0,159.0,65.0,228.0,326.377082528783,219.0,1.0,23197.0,8.0,0.5465634130613457,0.4590670417344273
7720a94f-bd0b-43f5-b9bf-4c2c6cbc5049,Infrastruktur,Lehrer,605.0,84.0,46.0,294.0,597.1440362257669,477.05450422357404,1.0,23197.0,8.0,1.0,1.0
7720a94f-bd0b-43f5-b9bf-4c2c6cbc5049,Baum,Lehrer,380.0,265.0,46.0,294.0,335.25661813005274,234.0,1.0,23197.0,8.0,0.5614334193958184,0.4905099897984292
7720a94f-bd0b-43f5-b9bf-4c2c6cbc5049,Laub,Lehrer,384.0,159.0,46.0,294.0,363.9629101982783,244.2723889431632,1.0,23197.0,8.0,0.6095060623877219,0.5120429359339698
7720a94f-bd0b-43f5-b9bf-4c2c6cbc5049,Baum,Infrastruktur,380.0,265.0,605.0,84.0,288.7663415289254,160.70469812671936,1.0,23197.0,8.0,0.48357904292918247,0.3368686317893024
7720a94f-bd0b-43f5-b9bf-4c2c6cbc5049,Laub,Infrastruktur,384.0,159.0,605.0,84.0,233.37951923851415,121.0,1.0,23197.0,8.0,0.39082617439099493,0.2536397810496151
7720a94f-bd0b-43f5-b9bf-4c2c6cbc5049,Laub,Baum,384.0,159.0,380.0,265.0,106.07544484940895,26.0,1.0,23197.0,8.0,0.17763795401835714,0.05450110997760324
7720a94f-bd0b-43f5-b9bf-4c2c6cbc5049,Photosynthese,Fahrrad,250.0,263.0,866.0,267.0,616.0129868760885,516.0,2.0,16334.0,5.0,0.985791138430789,0.9904030710172744
7720a94f-bd0b-43f5-b9bf-4c2c6cbc5049,Physik,Fahrrad,249.0,168.0,866.0,267.0,624.8919906671872,517.3490117899134,2.0,16334.0,5.0,1.0,0.9929923450862063
7720a94f-bd0b-43f5-b9bf-4c2c6cbc5049,Schule,Fahrrad,245.0,205.0,866.0,267.0,624.0873336320807,521.0,2.0,16334.0,5.0,0.9987123262145713,1.0
7720a94f-bd0b-43f5-b9bf-4c2c6cbc5049,Ast,Fahrrad,501.0,100.0,866.0,267.0,401.39008458107185,278.91575789115967,2.0,16334.0,5.0,0.6423351404336517,0.5353469441289053
7720a94f-bd0b-43f5-b9bf-4c2c6cbc5049,Physik,Photosynthese,249.0,168.0,250.0,263.0,95.00526301210897,15.0,2.0,16334.0,5.0,0.15203469468487404,0.028790786948176585
7720a94f-bd0b-43f5-b9bf-4c2c6cbc5049,Schule,Photosynthese,245.0,205.0,250.0,263.0,58.215118311311535,0.0,2.0,16334.0,5.0,0.09316028878711692,0.0
7720a94f-bd0b-43f5-b9bf-4c2c6cbc5049,Ast,Photosynthese,501.0,100.0,250.0,263.0,299.2824752637548,172.30786401090347,2.0,16334.0,5.0,0.4789347274946118,0.3307252668155537
7720a94f-bd0b-43f5-b9bf-4c2c6cbc5049,Schule,Physik,245.0,205.0,249.0,168.0,37.21558813185679,0.0,2.0,16334.0,5.0,0.05955523304454951,0.0
7720a94f-bd0b-43f5-b9bf-4c2c6cbc5049,Ast,Physik,501.0,100.0,249.0,168.0,261.01340961720723,152.0,2.0,16334.0,5.0,0.417693639085576,0.29174664107485604
7720a94f-bd0b-43f5-b9bf-4c2c6cbc5049,Ast,Schule,501.0,100.0,245.0,205.0,276.6965847277483,157.99050604387594,2.0,16334.0,5.0,0.44279105647093314,0.3032447332895891
7720a94f-bd0b-43f5-b9bf-4c2c6cbc5049,Lehrer,Fahrrad,368.0,145.0,147.0,90.0,227.74108105478027,121.0,3.0,27923.0,10.0,0.49078026500216415,0.33983937733197545
7720a94f-bd0b-43f5-b9bf-4c2c6cbc5049,Photosynthese,Fahrrad,368.0,54.0,147.0,90.0,223.91292950609173,121.0,3.0,27923.0,10.0,0.48253062807749403,0.33983937733197545
7720a94f-bd0b-43f5-b9bf-4c2c6cbc5049,Ast,Fahrrad,184.0,480.0,147.0,90.0,391.7511965520973,310.0,3.0,27923.0,10.0,0.8442207930527325,0.8706628675447304
7720a94f-bd0b-43f5-b9bf-4c2c6cbc5049,Physik,Fahrrad,363.0,197.0,147.0,90.0,241.04978738841484,119.10079764636339,3.0,27923.0,10.0,0.5194604240275182,0.3345052967924111
7720a94f-bd0b-43f5-b9bf-4c2c6cbc5049,Photosynthese,Lehrer,368.0,54.0,368.0,145.0,91.0,11.0,3.0,27923.0,10.0,0.1961042948788598,0.030894488848361403
7720a94f-bd0b-43f5-b9bf-4c2c6cbc5049,Ast,Lehrer,184.0,480.0,368.0,145.0,382.2054421381255,268.47904946196456,3.0,27923.0,10.0,0.8236497662567026,0.7540475454201212
7720a94f-bd0b-43f5-b9bf-4c2c6cbc5049,Physik,Lehrer,363.0,197.0,368.0,145.0,52.23983154643591,0.0,3.0,27923.0,10.0,0.11257643219784867,0.0
7720a94f-bd0b-43f5-b9bf-4c2c6cbc5049,Ast,Photosynthese,184.0,480.0,368.0,54.0,464.03879148191913,356.0505582076793,3.0,27923.0,10.0,1.0,1.0
7720a94f-bd0b-43f5-b9bf-4c2c6cbc5049,Physik,Photosynthese,363.0,197.0,368.0,54.0,143.0873858870865,63.0,3.0,27923.0,10.0,0.3083522078620485,0.17694116340425167
7720a94f-bd0b-43f5-b9bf-4c2c6cbc5049,Physik,Ast,363.0,197.0,184.0,480.0,334.858178935501,217.83020910791964,3.0,27923.0,10.0,0.7216167809292909,0.611795724192805
7720a94f-bd0b-43f5-b9bf-4c2c6cbc5049,Erde,Physik,182.0,368.0,376.0,96.0,334.0957946457872,213.7755832643195,4.0,26004.0,8.0,0.6339293334148688,0.5006453940616381
7720a94f-bd0b-43f5-b9bf-4c2c6cbc5049,Fahrrad,Physik,593.0,255.0,376.0,96.0,269.0167281044062,141.1736519326464,4.0,26004.0,8.0,0.510445201219852,0.3306174518328956
7720a94f-bd0b-43f5-b9bf-4c2c6cbc5049,Laub,Physik,66.0,260.0,376.0,96.0,350.70785562915466,226.17692189964916,4.0,26004.0,8.0,0.6654498521241757,0.529688341685361
7720a94f-bd0b-43f5-b9bf-4c2c6cbc5049,Schule,Physik,368.0,122.0,376.0,96.0,27.202941017470888,0.0,4.0,26004.0,8.0,0.051616160821217213,0.0
7720a94f-bd0b-43f5-b9bf-4c2c6cbc5049,Fahrrad,Erde,593.0,255.0,182.0,368.0,426.2510997053263,312.7459032505462,4.0,26004.0,8.0,0.8087892150514369,0.7324260029286795
7720a94f-bd0b-43f5-b9bf-4c2c6cbc5049,Laub,Erde,66.0,260.0,182.0,368.0,158.4929020492716,32.2490309931942,4.0,26004.0,8.0,0.30073200967287234,0.0755246627475274
7720a94f-bd0b-43f5-b9bf-4c2c6cbc5049,Schule,Erde,368.0,122.0,182.0,368.0,308.40233462151355,186.9545399288287,4.0,26004.0,8.0,0.5851773339963249,0.4378326462033459
7720a94f-bd0b-43f5-b9bf-4c2c6cbc5049,Laub,Fahrrad,66.0,260.0,593.0,255.0,527.0237186313344,427.0,4.0,26004.0,8.0,1.0,1.0
7720a94f-bd0b-43f5-b9bf-4c2c6cbc5049,Schule,Fahrrad,368.0,122.0,593.0,255.0,261.36947029062134,135.77186748365804,4.0,26004.0,8.0,0.4959349286392468,0.3179669027720329
7720a94f-bd0b-43f5-b9bf-4c2c6cbc5049,Schule,Laub,368.0,122.0,66.0,260.0,332.03614261101154,210.16184239771025,4.0,26004.0,8.0,0.6300212511749944,0.4921823006972137
7720a94f-bd0b-43f5-b9bf-4c2c6cbc5049,Baum,Schule,73.0,218.0,65.0,127.0,91.35097153287424,11.0,5.0,55394.0,8.0,0.22977032519075166,0.04021299504469683
7720a94f-bd0b-43f5-b9bf-4c2c6cbc5049,Laub,Schule,71.0,253.0,65.0,127.0,126.14277624977183,46.0,5.0,55394.0,8.0,0.3172803335643119,0.16816343382327764
7720a94f-bd0b-43f5-b9bf-4c2c6cbc5049,Erde,Schule,285.0,13.0,65.0,127.0,247.78216239269526,124.72369462135092,5.0,55394.0,8.0,0.623233525315589,0.4559557557967877
7720a94f-bd0b-43f5-b9bf-4c2c6cbc5049,Infrastruktur,Schule,426.0,74.0,65.0,127.0,364.8698398059231,261.0,5.0,55394.0,8.0,0.9177380419466526,0.9541447006059884
7720a94f-bd0b-43f5-b9bf-4c2c6cbc5049,Laub,Baum,71.0,253.0,73.0,218.0,35.05709628591621,0.0,5.0,55394.0,8.0,0.08817728239441545,0.0
7720a94f-bd0b-43f5-b9bf-4c2c6cbc5049,Erde,Baum,285.0,13.0,73.0,218.0,294.9050694715165,167.83622970026465,5.0,55394.0,8.0,0.741759311103624,0.6135634066597583
7720a94f-bd0b-43f5-b9bf-4c2c6cbc5049,Infrastruktur,Baum,426.0,74.0,73.0,218.0,381.24139334547607,260.969346858975,5.0,55394.0,8.0,0.9589165550761729,0.9540326410961572
7720a94f-bd0b-43f5-b9bf-4c2c6cbc5049,Erde,Laub,285.0,13.0,71.0,253.0,321.55248405198176,196.45864704817652,5.0,55394.0,8.0,0.8087841605486338,0.718199145476015
7720a94f-bd0b-43f5-b9bf-4c2c6cbc5049,Infrastruktur,Laub,426.0,74.0,71.0,253.0,397.57515012887814,273.5434152013168,5.0,55394.0,8.0,1.0,1.0
7720a94f-bd0b-43f5-b9bf-4c2c6cbc5049,Infrastruktur,Erde,426.0,74.0,285.0,13.0,153.62942426501507,41.0,5.0,55394.0,8.0,0.3864160630140352,0.14988479971205182
7720a94f-bd0b-43f5-b9bf-4c2c6cbc5049,Laub,Schule,149.0,203.0,413.0,61.0,299.7665758552811,175.32826355154492,6.0,33191.0,7.0,0.8455105351471321,0.7491156079134227
7720a94f-bd0b-43f5-b9bf-4c2c6cbc5049,Lehrer,Schule,402.0,89.0,413.0,61.0,30.083217912982647,0.0,6.0,33191.0,7.0,0.08485161363965202,0.0
7720a94f-bd0b-43f5-b9bf-4c2c6cbc5049,Ast,Schule,86.0,198.0,413.0,61.0,354.53913747286066,234.04700382615454,6.0,33191.0,7.0,1.0,1.0
7720a94f-bd0b-43f5-b9bf-4c2c6cbc5049,Baum,Schule,89.0,177.0,413.0,61.0,344.13950659579905,226.87441459979573,6.0,33191.0,7.0,0.9706671851486137,0.9693540651702319
7720a94f-bd0b-43f5-b9bf-4c2c6cbc5049,Lehrer,Laub,402.0,89.0,149.0,203.0,277.49774773860776,156.7322557739791,6.0,33191.0,7.0,0.7826999008250527,0.6696614492463091
7720a94f-bd0b-43f5-b9bf-4c2c6cbc5049,Ast,Laub,86.0,198.0,149.0,203.0,63.198101237299845,0.0,6.0,33191.0,7.0,0.1782542307959937,0.0
7720a94f-bd0b-43f5-b9bf-4c2c6cbc5049,Baum,Laub,89.0,177.0,149.0,203.0,65.39113089708727,0.0,6.0,33191.0,7.0,0.18443980927801756,0.0
7720a94f-bd0b-43f5-b9bf-4c2c6cbc5049,Ast,Lehrer,86.0,198.0,402.0,89.0,334.2708482652952,217.9380645963435,6.0,33191.0,7.0,0.9428320118561889,0.9311722048713923
7720a94f-bd0b-43f5-b9bf-4c2c6cbc5049,Baum,Lehrer,89.0,177.0,402.0,89.0,325.13535642867265,213.15018179677915,6.0,33191.0,7.0,0.9170647809046503,0.9107152764711437
7720a94f-bd0b-43f5-b9bf-4c2c6cbc5049,Baum,Ast,89.0,177.0,86.0,198.0,21.213203435596427,0.0,6.0,33191.0,7.0,0.0598331783249748,0.0
7720a94f-bd0b-43f5-b9bf-4c2c6cbc5049,Photosynthese,Infrastruktur,450.0,56.0,40.0,40.0,410.31207635164725,310.0,7.0,31774.0,8.0,0.8119247053213235,0.7654320987654321
7720a94f-bd0b-43f5-b9bf-4c2c6cbc5049,Physik,Infrastruktur,545.0,59.0,40.0,40.0,505.35729934374154,405.0,7.0,31774.0,8.0,1.0,1.0
7720a94f-bd0b-43f5-b9bf-4c2c6cbc5049,Ast,Infrastruktur,305.0,202.0,40.0,40.0,310.5945910668761,184.25254408012933,7.0,31774.0,8.0,0.6146039474847106,0.4549445532842699
7720a94f-bd0b-43f5-b9bf-4c2c6cbc5049,Laub,Infrastruktur,311.0,146.0,40.0,40.0,290.9931270666027,172.96531444194238,7.0,31774.0,8.0,0.5758166102369299,0.4270748504739318
7720a94f-bd0b-43f5-b9bf-4c2c6cbc5049,Physik,Photosynthese,545.0,59.0,450.0,56.0,95.04735661763561,0.0,7.0,31774.0,8.0,0.18807951669257453,0.0
7720a94f-bd0b-43f5-b9bf-4c2c6cbc5049,Ast,Photosynthese,305.0,202.0,450.0,56.0,205.7692882818036,79.88116173416608,7.0,31774.0,8.0,0.40717585072782403,0.197237436380657
7720a94f-bd0b-43f5-b9bf-4c2c6cbc5049,Laub,Photosynthese,311.0,146.0,450.0,56.0,165.59287424282482,40.26164427839479,7.0,31774.0,8.0,0.3276748440318646,0.09941146735406121
7720a94f-bd0b-43f5-b9bf-4c2c6cbc5049,Ast,Physik,305.0,202.0,545.0,59.0,279.3725111745964,153.52198539622916,7.0,31774.0,8.0,0.5528217590552078,0.37906663060797324
7720a94f-bd0b-43f5-b9bf-4c2c6cbc5049,Laub,Physik,311.0,146.0,545.0,59.0,249.64975465639858,134.18271125595876,7.0,31774.0,8.0,0.4940064286804494,0.3313153364344661
7720a94f-bd0b-43f5-b9bf-4c2c6cbc5049,Laub,Ast,311.0,146.0,305.0,202.0,56.32051136131489,0.0,7.0,31774.0,8.0,0.11144691376666148,0.0
7720a94f-bd0b-43f5-b9bf-4c2c6cbc5049,Lehrer,Infrastruktur,307.0,322.0,146.0,143.0,240.75298544358697,116.2841347734075,8.0,26117.0,8.0,0.7299702134100987,0.5145315697938385
7720a94f-bd0b-43f5-b9bf-4c2c6cbc5049,Photosynthese,Infrastruktur,472.0,93.0,146.0,143.0,329.81206769916713,226.0,8.0,26117.0,8.0,1.0,1.0
7720a94f-bd0b-43f5-b9bf-4c2c6cbc5049,Baum,Infrastruktur,459.0,204.0,146.0,143.0,318.88869531546584,213.0,8.0,26117.0,8.0,0.9668800100011353,0.9424778761061947
7720a94f-bd0b-43f5-b9bf-4c2c6cbc5049,Ast,Infrastruktur,384.0,208.0,146.0,143.0,246.71643642043796,138.0,8.0,26117.0,8.0,0.7480515741633701,0.6106194690265486
7720a94f-bd0b-43f5-b9bf-4c2c6cbc5049,Photosynthese,Lehrer,472.0,93.0,307.0,322.0,282.25166075685013,162.5607578722491,8.0,26117.0,8.0,0.8557954313979242,0.7192953888152614
7720a94f-bd0b-43f5-b9bf-4c2c6cbc5049,Baum,Lehrer,459.0,204.0,307.0,322.0,192.4266093865399,64.40496875241847,8.0,26117.0,8.0,0.5834432036673042,0.2849777378425596
7720a94f-bd0b-43f5-b9bf-4c2c6cbc5049,Ast,Lehrer,384.0,208.0,307.0,322.0,137.56816492197603,34.0,8.0,26117.0,8.0,0.41711076820711324,0.1504424778761062
7720a94f-bd0b-43f5-b9bf-4c2c6cbc5049,Baum,Photosynthese,459.0,204.0,472.0,93.0,111.75866856758807,31.0,8.0,26117.0,8.0,0.338855607519877,0.13716814159292035
7720a94f-bd0b-43f5-b9bf-4c2c6cbc5049,Ast,Photosynthese,384.0,208.0,472.0,93.0,144.80676779764127,35.0,8.0,26117.0,8.0,0.4390584274488236,0.15486725663716813
7720a94f-bd0b-43f5-b9bf-4c2c6cbc5049,Ast,Baum,384.0,208.0,459.0,204.0,75.1065909225016,0.0,8.0,26117.0,8.0,0.2277254178310082,0.0
7720a94f-bd0b-43f5-b9bf-4c2c6cbc5049,Baum,Lehrer,503.0,31.0,129.0,237.0,426.9800932127867,301.582492860577,9.0,19580.0,5.0,1.0,1.0
7720a94f-bd0b-43f5-b9bf-4c2c6cbc5049,Schule,Lehrer,115.0,190.0,129.0,237.0,49.040799340956916,0.0,9.0,19580.0,5.0,0.11485500172139711,0.0
7720a94f-bd0b-43f5-b9bf-4c2c6cbc5049,Ast,Lehrer,505.0,75.0,129.0,237.0,409.41421567893804,287.92360097775935,9.0,19580.0,5.0,0.9588601955616356,0.9547092679244739
7720a94f-bd0b-43f5-b9bf-4c2c6cbc5049,Laub,Lehrer,476.0,148.0,129.0,237.0,358.23176855214837,247.1639132235934,9.0,19580.0,5.0,0.8389893914178865,0.8195565693458818
7720a94f-bd0b-43f5-b9bf-4c2c6cbc5049,Schule,Baum,115.0,190.0,503.0,31.0,419.3149174546501,298.63857754817946,9.0,19580.0,5.0,0.9820479317889027,0.9902384409503553
7720a94f-bd0b-43f5-b9bf-4c2c6cbc5049,Ast,Baum,505.0,75.0,503.0,31.0,44.04543109109048,0.0,9.0,19580.0,5.0,0.10315570161520461,0.0
7720a94f-bd0b-43f5-b9bf-4c2c6cbc5049,Laub,Baum,476.0,148.0,503.0,31.0,120.07497657713701,37.0,9.0,19580.0,5.0,0.28121914460611,0.12268616672356134
7720a94f-bd0b-43f5-b9bf-4c2c6cbc5049,Ast,Schule,505.0,75.0,115.0,190.0,406.6017707782395,292.1044333795706,9.0,19580.0,5.0,0.9522733664672474,0.9685722490350652
7720a94f-bd0b-43f5-b9bf-4c2c6cbc5049,Laub,Schule,476.0,148.0,115.0,190.0,363.4350010662154,261.0,9.0,19580.0,5.0,0.8511755157753844,0.8654348517526894
7720a94f-bd0b-43f5-b9bf-4c2c6cbc5049,Laub,Ast,476.0,148.0,505.0,75.0,78.54934754662193,0.0,9.0,19580.0,5.0,0.18396489390309034,0.0
7720a94f-bd0b-43f5-b9bf-4c2c6cbc5049,Laub,Physik,288.0,323.0,660.0,66.0,452.142676596669,324.5196450139806,10.0,21074.0,8.0,1.0,1.0
7720a94f-bd0b-43f5-b9bf-4c2c6cbc5049,Lehrer,Physik,651.0,91.0,660.0,66.0,26.570660511172846,0.0,10.0,21074.0,8.0,0.05876609726640566,0.0
7720a94f-bd0b-43f5-b9bf-4c2c6cbc5049,Schule,Physik,668.0,139.0,660.0,66.0,73.43704787094863,0.0,10.0,21074.0,8.0,0.16242007594531424,0.0
7720a94f-bd0b-43f5-b9bf-4c2c6cbc5049,Infrastruktur,Physik,531.0,88.0,660.0,66.0,130.86252328302402,29.0,10.0,21074.0,8.0,0.2894274972405648,0.08936284889240112
7720a94f-bd0b-43f5-b9bf-4c2c6cbc5049,Lehrer,Laub,651.0,91.0,288.0,323.0,430.80506032311183,303.7647115778921,10.0,21074.0,8.0,0.9528077808665002,0.9360441386061717
7720a94f-bd0b-43f5-b9bf-4c2c6cbc5049,Schule,Laub,668.0,139.0,288.0,323.0,422.20374228564106,298.69047524151154,10.0,21074.0,8.0,0.9337843210546242,0.920407993262299
7720a94f-bd0b-43f5-b9bf-4c2c6cbc5049,Infrastruktur,Laub,531.0,88.0,288.0,323.0,338.04437578519185,210.8885961829136,10.0,21074.0,8.0,0.7476497868542106,0.6498484742698036
7720a94f-bd0b-43f5-b9bf-4c2c6cbc5049,Schule,Lehrer,668.0,139.0,651.0,91.0,50.92150822589606,0.0,10.0,21074.0,8.0,0.11262265400202483,0.0
7720a94f-bd0b-43f5-b9bf-4c2c6cbc5049,Infrastruktur,Lehrer,531.0,88.0,651.0,91.0,120.03749414245534,20.0,10.0,21074.0,8.0,0.2654858750472122,0.061629550960276634
7720a94f-bd0b-43f5-b9bf-4c2c6cbc5049,Infrastruktur,Schule,531.0,88.0,668.0,139.0,146.18481453283715,37.0,10.0,21074.0,8.0,0.32331567467417016,0.11401466927651177
